label,seed,prompt,dDrift1,dDrift5
sgf,0,0,-0.0537488269805908,-0.031819219350814776
sgf,0,1,0.011727857589721724,0.010171331405639639
sgf,0,2,-0.006459939479827925,-0.005637538909912143
sgf,0,3,0.14488967299461364,0.16419238495826727
sgf,0,4,-0.006346755027770934,0.004663611412048296
sgf,0,5,0.020948376655578582,0.007663255214691356
sgf,0,6,0.010783417224884073,0.009676876068115181
sgf,0,7,0.006143662929534943,0.022122395992279165
sgf,0,8,0.014154832363128644,0.005769125938415498
sgf,0,9,0.04950988054275518,0.08460766053199764
sgf,0,10,-0.05896472930908203,-0.07061914539337155
sgf,0,11,0.001626566648483263,0.009942246198654137
sgf,0,12,-0.040590391159057604,-0.057173445224761865
sgf,0,13,0.024938828945159863,0.009194991111755257
sgf,0,14,-0.0193210744857788,-0.010612215042114181
sgf,0,15,0.006928274631500253,-0.011380665779113674
sgf,0,16,-0.0489076948165893,-0.024266717433929497
sgf,0,17,-0.09880698442459102,-0.014002370357513394
sgf,0,18,-0.008433232307434091,0.00344452333450318
sgf,0,19,-0.0116414690017701,-0.008068988800048804
sgf,0,20,-0.035017485618591304,-0.01868344068527228
sgf,0,21,0.0153819012641907,0.00413684892654409
sgf,0,22,0.00020853281021115944,0.004416373729705825
sgf,0,23,0.008115983009338357,0.009751568317413306
sgf,0,24,-0.008847084045410125,-0.010270251274108855
sgf,0,25,0.008278884887695237,0.013264953613281172
sgf,0,26,0.014571518898010227,0.017688741207122827
sgf,0,27,-0.003707001209259042,0.0009874043464661586
sgf,0,28,0.036912808418273935,0.025683974504470797
sgf,0,29,-0.03140292167663572,0.003444869518280047
sgf,0,30,0.0013446414470672519,0.0045823256969451664
sgf,0,31,-0.031278226375579865,-0.01940105557441718
sgf+rule,0,0,-0.044547532796859746,-0.008474379777908325
sgf+rule,0,1,0.0055388903617858976,-0.006868416786193765
sgf+rule,0,2,-0.0022144031524657937,-0.0007877612113952326
sgf+rule,0,3,0.014875822067260791,0.00030328702926640805
sgf+rule,0,4,-0.010723910331726039,-0.0015541539192199805
sgf+rule,0,5,-0.00829288482666013,-0.004294172286987363
sgf+rule,0,6,-0.0006590533256530806,-0.003513329029083412
sgf+rule,0,7,-0.013075480461120614,-0.010283656120300244
sgf+rule,0,8,-0.00010383367538457922,-0.000845315933227675
sgf+rule,0,9,0.030007789134979257,0.030489995002746628
sgf+rule,0,10,-0.003520874977111843,-0.01433662056922902
sgf+rule,0,11,-0.015164716243743936,-0.013380490541458068
sgf+rule,0,12,0.002279601097107009,0.003992970466613843
sgf+rule,0,13,-0.0014941287040710627,-0.0022049036026002833
sgf+rule,0,14,0.005300984382629381,0.002506470203399558
sgf+rule,0,15,0.009303462505340643,0.001009012699127343
sgf+rule,0,16,0.0062794113159180265,-0.005324743509292573
sgf+rule,0,17,-0.028011722564697306,-0.006287553310394323
sgf+rule,0,18,0.019765536785125715,0.05170177555084221
sgf+rule,0,19,0.0019176912307738991,-0.0008337402343748801
sgf+rule,0,20,-0.008207132816314688,-0.006576287269592251
sgf+rule,0,21,-0.007703516483306805,-0.0018824372291565972
sgf+rule,0,22,-0.0034019184112548118,-0.002114641666412398
sgf+rule,0,23,0.01395115494728083,0.022022746562957773
sgf+rule,0,24,0.009175150394439724,0.004983632564544704
sgf+rule,0,25,0.02196320772171023,0.003994241714477487
sgf+rule,0,26,0.00287833929061887,-0.011430388450622386
sgf+rule,0,27,-0.0035508823394775346,-0.002739646434783749
sgf+rule,0,28,0.02326436281204225,0.022145209312439018
sgf+rule,0,29,0.0013574528694153543,0.00045875740051282143
sgf+rule,0,30,0.017929501533508252,0.020000348091125497
sgf+rule,0,31,-0.03241268634796146,-0.02673730897903448
tethercache_fifo,0,0,0.2030276441574097,0.19413997626304624
tethercache_fifo,0,1,0.16308724522590634,0.17526856899261478
tethercache_fifo,0,2,-0.029030061960220288,-0.041315030336380065
tethercache_fifo,0,3,0.16421158313751216,0.1447427628040313
tethercache_fifo,0,4,0.19731498956680305,0.1640520489215851
tethercache_fifo,0,5,0.14093618154525756,0.2219894580841063
tethercache_fifo,0,6,0.016367132663726802,0.010446037769317518
tethercache_fifo,0,7,0.28485182285308835,0.26730576348304763
tethercache_fifo,0,8,0.06843230485916141,0.0657998981475828
tethercache_fifo,0,9,0.5102074539661408,0.504943505525589
tethercache_fifo,0,10,0.11150722146034237,0.09008019757270808
tethercache_fifo,0,11,0.3301405417919159,0.3526562012434006
tethercache_fifo,0,12,0.12647496938705438,0.12778515243530264
tethercache_fifo,0,13,0.03884257555007942,-0.020768007278442302
tethercache_fifo,0,14,0.14356239676475535,0.13698128199577342
tethercache_fifo,0,15,0.33974662065505984,0.28464569425582875
tethercache_fifo,0,16,0.12173849701881412,0.08534612965583799
tethercache_fifo,0,17,0.02303601264953614,0.03534034729003899
tethercache_fifo,0,18,0.14783850193023684,0.1974187862873077
tethercache_fifo,0,19,0.1345136976242065,0.12052318763732905
tethercache_fifo,0,20,0.04986821055412283,0.02572054314613348
tethercache_fifo,0,21,0.013885388374328622,0.0012082872390748456
tethercache_fifo,0,22,0.06618777990341185,0.08036500978469852
tethercache_fifo,0,23,-0.02837002992630011,0.00844833803176881
tethercache_fifo,0,24,0.015689437389373784,0.06151658821105954
tethercache_fifo,0,25,0.09919163584709167,0.14116463541984559
tethercache_fifo,0,26,0.1938553047180176,0.22608015727996822
tethercache_fifo,0,27,0.15773102402687067,0.1308869702816009
tethercache_fifo,0,28,-0.053337770700454756,-0.009193388223648125
tethercache_fifo,0,29,0.029048411846160915,0.05422769641876224
tethercache_fifo,0,30,0.023589665889739986,0.08003573465347291
tethercache_fifo,0,31,0.10040936231613162,0.06800141453742992
tethercache_fifo+rule,0,0,0.07362693905830375,0.02806613898277277
tethercache_fifo+rule,0,1,0.020234334468841597,0.009817169666290315
tethercache_fifo+rule,0,2,-0.058299123048782375,-0.05800563907623291
tethercache_fifo+rule,0,3,0.025677998065948504,0.033181137084960954
tethercache_fifo+rule,0,4,-0.0011549401283263983,0.01776058578491213
tethercache_fifo+rule,0,5,0.002284815311431876,0.005730014324188293
tethercache_fifo+rule,0,6,0.028539686203002956,0.010819102287292548
tethercache_fifo+rule,0,7,-0.00019520044326781782,0.007772111415863092
tethercache_fifo+rule,0,8,0.00967566251754759,0.011243718147277981
tethercache_fifo+rule,0,9,0.012696030139923042,0.018426558017730632
tethercache_fifo+rule,0,10,-0.10409846425056457,-0.07896476387977602
tethercache_fifo+rule,0,11,0.08021905303001409,0.1172067499160766
tethercache_fifo+rule,0,12,-0.004167616367340088,-0.009577054023742648
tethercache_fifo+rule,0,13,-0.009682900905609193,-0.05455788040161147
tethercache_fifo+rule,0,14,-0.010194468498230025,0.0004406003952027726
tethercache_fifo+rule,0,15,0.07199879884719851,0.09216027069091803
tethercache_fifo+rule,0,16,0.08357122540473938,0.09808201885223389
tethercache_fifo+rule,0,17,-0.011274993419647217,-0.003568632125854454
tethercache_fifo+rule,0,18,-0.0911138987541199,-0.023905089378356892
tethercache_fifo+rule,0,19,0.03330270767211918,0.017599879741668656
tethercache_fifo+rule,0,20,0.007377111911773704,0.00233844947814954
tethercache_fifo+rule,0,21,-0.005860955715179528,-0.030422131538391017
tethercache_fifo+rule,0,22,-0.006535646915435733,-0.0038119421005250453
tethercache_fifo+rule,0,23,-0.05399583101272587,-0.005171343803405781
tethercache_fifo+rule,0,24,-0.006268254518508876,0.02241080212593083
tethercache_fifo+rule,0,25,0.05039225339889519,0.018704681396484513
tethercache_fifo+rule,0,26,-0.007608244419097909,-0.00187368249893205
tethercache_fifo+rule,0,27,-0.006954576969146697,-0.0050830249786377735
tethercache_fifo+rule,0,28,-0.020306539535522417,0.000854232549667322
tethercache_fifo+rule,0,29,-0.00022625684738153407,0.0062728080749512305
tethercache_fifo+rule,0,30,-0.0061705791950225075,-0.022405892848968434
tethercache_fifo+rule,0,31,-0.014739650487899825,-0.009248279333114673
tethercache,0,0,0.2604719889163971,0.1533017163276672
tethercache,0,1,0.060046255588531494,0.03391908073425287
tethercache,0,2,0.05656196713447581,0.031631186246872
tethercache,0,3,0.07969765663146977,0.025521100521087692
tethercache,0,4,-0.03038822650909423,-0.015742961883544848
tethercache,0,5,-0.018281571865081725,-0.0034620466232297975
tethercache,0,6,-0.03424729347228994,-0.04553674125671381
tethercache,0,7,0.04594511032104487,0.03441846942901616
tethercache,0,8,-0.005829725265502961,-0.0056398787498475045
tethercache,0,9,0.146468425989151,0.13462560892105113
tethercache,0,10,-0.015662763118743928,-0.013485494613647564
tethercache,0,11,-0.06961358189582822,-0.03869375586509716
tethercache,0,12,-0.02835809946060175,0.006972521781921426
tethercache,0,13,0.36857690513134,0.3402223827838898
tethercache,0,14,-0.005435032844543497,0.012448800086975242
tethercache,0,15,0.012008414268493639,0.016766215324401812
tethercache,0,16,0.027197151184081947,0.0006816706657408744
tethercache,0,17,0.05452542662620541,0.0647636554241181
tethercache,0,18,-0.07035145521163944,-0.02647613573074359
tethercache,0,19,0.10860307216644294,0.08241127920150759
tethercache,0,20,-0.04606904029846193,-0.019374071598053044
tethercache,0,21,0.014814236164093053,-0.011451479911804285
tethercache,0,22,0.001234068870544336,0.002263296604156362
tethercache,0,23,0.009655516147613508,0.01665950059890753
tethercache,0,24,0.03695904970169073,0.061463979005813685
tethercache,0,25,-0.035109879970550595,-0.04389485883712774
tethercache,0,26,-0.008646800518035791,0.014274235486984255
tethercache,0,27,0.02566718101501464,0.02985998678207402
tethercache,0,28,-0.026571263074874896,0.021943783044815035
tethercache,0,29,0.011116871833801278,0.00989604902267438
tethercache,0,30,-0.14713908314704893,-0.1265372233390808
tethercache,0,31,-0.025336062908172585,-0.015910644054412892
tethercache+rule,0,0,0.13428391456604005,0.06930455636978161
tethercache+rule,0,1,0.008700158596038898,-0.005275516033172556
tethercache+rule,0,2,0.003968311548233072,-0.019733513116836465
tethercache+rule,0,3,0.013944005966186501,0.024517375469207736
tethercache+rule,0,4,0.0046088528633118075,0.026119736909866464
tethercache+rule,0,5,-0.006827092170715421,0.003408073902130049
tethercache+rule,0,6,0.021709334850311346,0.0059364058971403955
tethercache+rule,0,7,0.0069998383522033025,0.0012085194587707626
tethercache+rule,0,8,-0.009306988716125564,-0.008943571090698321
tethercache+rule,0,9,0.06022965908050537,0.06249242520332343
tethercache+rule,0,10,-0.1233484065532684,-0.10286471772193895
tethercache+rule,0,11,0.011662929058074978,0.05168923997879027
tethercache+rule,0,12,-0.00915913581848149,0.00674970912933337
tethercache+rule,0,13,0.22104536771774297,0.04499363684654245
tethercache+rule,0,14,-0.018816404342651416,9.720325469975144e-06
tethercache+rule,0,15,-0.009027733802795423,-0.002251627445220894
tethercache+rule,0,16,0.00030258417129513937,0.006089363574981799
tethercache+rule,0,17,0.021033072471618675,0.036229240417480324
tethercache+rule,0,18,-0.013948332071304304,0.0079554588794708
tethercache+rule,0,19,0.021065578460693346,0.018144399166107217
tethercache+rule,0,20,9.821414947508433e-05,-0.0005085382461547105
tethercache+rule,0,21,0.0326862215995789,0.03254318261146549
tethercache+rule,0,22,-0.0009708666801452326,-0.0003439249992370774
tethercache+rule,0,23,0.03462975144386293,0.09723975539207463
tethercache+rule,0,24,0.022358045578003027,0.029350203990936352
tethercache+rule,0,25,0.13966776371002199,0.06624038004875166
tethercache+rule,0,26,0.017063860893249516,0.040294781923294054
tethercache+rule,0,27,-0.0027375125885009677,0.0024796910285949103
tethercache+rule,0,28,-0.07369854211807259,-0.0024627385139465163
tethercache+rule,0,29,0.002932024002075262,0.005068471908569294
tethercache+rule,0,30,0.11572003006935122,0.03145033240318296
tethercache+rule,0,31,-0.0052913141250611195,-0.006920833110809266
context_forcing,0,0,0.0007793354988098189,0.002109541177749641
context_forcing,0,1,0.023536152839660596,-0.06335976076126115
context_forcing,0,2,-0.016901210546493517,0.013193085432052665
context_forcing,0,3,0.31143517017364497,0.14141261696815477
context_forcing,0,4,-0.0089014053344727,-0.01698546719551086
context_forcing,0,5,-0.034780759811401385,-0.014368558406829823
context_forcing,0,6,0.03844797015190127,0.05838759899139401
context_forcing,0,7,-0.007274534702301105,0.0017775783538818146
context_forcing,0,8,0.021574907302856494,0.019930099010467495
context_forcing,0,9,0.020808048248291078,0.010240887641906782
context_forcing,0,10,-0.06572355508804317,-0.04355038547515877
context_forcing,0,11,0.15895875215530392,0.1727533271312714
context_forcing,0,12,-0.023434162139892578,-0.02966390800476071
context_forcing,0,13,-0.05462130427360534,-0.013349129199981657
context_forcing,0,14,0.041014831066131574,0.042742821455001856
context_forcing,0,15,-0.02230554103851312,-0.04463043594360361
context_forcing,0,16,0.018217413425445583,0.017972301721572714
context_forcing,0,17,0.05324452877044683,0.03366407155990614
context_forcing,0,18,-0.046399766206741355,-0.02801523733139044
context_forcing,0,19,0.035415213108062726,0.04622580099105844
context_forcing,0,20,-0.012768161296844438,-0.005322952270507719
context_forcing,0,21,0.024795181751251283,0.01089326620101938
context_forcing,0,22,-0.0014230680465697754,-0.006978276252746496
context_forcing,0,23,-0.03603758573532101,-0.020376346588134808
context_forcing,0,24,-0.030782289505004945,-0.00928941106796266
context_forcing,0,25,0.060998004674911455,0.044573033332824696
context_forcing,0,26,-0.0002373552322387784,0.00562812376022348
context_forcing,0,27,0.00868457555770874,0.00857972621917713
context_forcing,0,28,-0.02745120406150814,0.0016678242683411115
context_forcing,0,29,0.010158388614654457,0.005953557968139678
context_forcing,0,30,-0.030835466384887655,-0.020071296215057433
context_forcing,0,31,-0.18287075281143195,-0.08965335059165958
context_forcing+rule,0,0,0.00803860306739812,-0.0329986190795899
context_forcing+rule,0,1,0.20598432540893552,0.10055038714408882
context_forcing+rule,0,2,-0.018032540082931536,-0.024099800109863234
context_forcing+rule,0,3,0.03699766874313348,-0.03379709839820855
context_forcing+rule,0,4,0.08493309020996087,0.04695629239082322
context_forcing+rule,0,5,-0.024827635288238503,-0.009915296554565467
context_forcing+rule,0,6,0.03318506956100464,0.02813881492614745
context_forcing+rule,0,7,-0.0005982518196105957,0.01089145374298095
context_forcing+rule,0,8,0.014326698780059766,0.01402652072906485
context_forcing+rule,0,9,0.0027450060844421698,0.003332045555114793
context_forcing+rule,0,10,0.01943257451057434,0.007631242036819419
context_forcing+rule,0,11,-0.07513163089752206,-0.04823902964591975
context_forcing+rule,0,12,-0.00477463722228999,-0.017988130569457916
context_forcing+rule,0,13,-0.027253992557525697,-0.011359800338745063
context_forcing+rule,0,14,0.00883986234664913,-0.008780220985412535
context_forcing+rule,0,15,-0.010378601551055966,-0.019532196044921846
context_forcing+rule,0,16,0.03210172533988953,0.056725483417510936
context_forcing+rule,0,17,0.013053820133209215,0.008380248069763119
context_forcing+rule,0,18,-0.06782374501228328,-0.024244661092758246
context_forcing+rule,0,19,0.014739925861358638,0.01625791883468619
context_forcing+rule,0,20,0.006299929618835409,0.011105988502502218
context_forcing+rule,0,21,-0.0011573123931885032,-0.002424992084503308
context_forcing+rule,0,22,-0.0007306742668151678,-0.01109702920913691
context_forcing+rule,0,23,-0.11131599426269534,-0.12548682308197034
context_forcing+rule,0,24,-0.0037989640235901456,0.004358339309692427
context_forcing+rule,0,25,0.09355691194534299,0.040385430335998396
context_forcing+rule,0,26,0.005407142639160201,0.004286569595336798
context_forcing+rule,0,27,0.002144906520843426,0.000476734161376946
context_forcing+rule,0,28,-0.07580913186073301,-0.02991575765609733
context_forcing+rule,0,29,0.007182786464691171,0.00930426502227788
context_forcing+rule,0,30,-0.025812332630157475,-0.004887198448181085
context_forcing+rule,0,31,-0.15551774263381957,-0.05848781514167778
context_forcing+sink_only,0,0,0.04347596168518075,0.05841929388046263
context_forcing+sink_only,0,1,0.12534014344215394,0.08912594079971303
context_forcing+sink_only,0,2,-0.07101202607154844,-0.05988406109809874
context_forcing+sink_only,0,3,0.0375792598724366,0.07795291423797612
context_forcing+sink_only,0,4,0.024290711879730198,0.011728773117065439
context_forcing+sink_only,0,5,-0.03591305732727057,-0.026725726604461597
context_forcing+sink_only,0,6,0.0008714938163757457,0.014926646709442104
context_forcing+sink_only,0,7,-0.020275151729583718,-0.007278287887573454
context_forcing+sink_only,0,8,-0.0011414313316344682,-0.0007219262123107084
context_forcing+sink_only,0,9,0.02093483209609981,0.011572323322296185
context_forcing+sink_only,0,10,0.002476019859313894,-0.003174951553344796
context_forcing+sink_only,0,11,0.07499179840087888,0.0787581472396851
context_forcing+sink_only,0,12,0.007166306972503644,-0.016244111061096134
context_forcing+sink_only,0,13,-0.05870419263839721,-0.036053561925888045
context_forcing+sink_only,0,14,0.11725062966346744,0.0768420996665955
context_forcing+sink_only,0,15,-0.025534279346466016,-0.04424839353561405
context_forcing+sink_only,0,16,0.012396036386489895,0.023095390796661563
context_forcing+sink_only,0,17,0.014314875602722155,0.015380333423614445
context_forcing+sink_only,0,18,-0.014278783798217787,0.0007851479053497812
context_forcing+sink_only,0,19,0.02978228569030761,0.02516241073608405
context_forcing+sink_only,0,20,-0.006593010425567591,-0.0030472364425659926
context_forcing+sink_only,0,21,-0.004024002552032502,-0.002002218723297089
context_forcing+sink_only,0,22,0.0035936141014100142,-0.005400816917419338
context_forcing+sink_only,0,23,-0.06521768689155572,-0.0346277139186858
context_forcing+sink_only,0,24,-0.026596760749816872,-0.0025186486244199724
context_forcing+sink_only,0,25,0.05428312897682186,0.019743907451629683
context_forcing+sink_only,0,26,-0.007295043468475315,-0.01384804391860972
context_forcing+sink_only,0,27,0.003830111026763894,0.0016957702636717364
context_forcing+sink_only,0,28,0.01266422152519231,0.02958862972259535
context_forcing+sink_only,0,29,0.0036287569999694513,-0.002031299591064517
context_forcing+sink_only,0,30,0.00716959953308105,0.009722104787826424
context_forcing+sink_only,0,31,-0.14177450656890878,-0.0540752727985383
context_forcing+memory_only,0,0,0.006082854270935023,-0.002065361022949186
context_forcing+memory_only,0,1,-0.025953845977783274,-0.08778890681266793
context_forcing+memory_only,0,2,-0.07565207958221432,-0.05436566352844241
context_forcing+memory_only,0,3,0.14101589441299445,0.07566733074188237
context_forcing+memory_only,0,4,0.029356086254119895,0.021124443292617867
context_forcing+memory_only,0,5,-0.03516417264938354,-0.010160398006439197
context_forcing+memory_only,0,6,-0.04011255979537953,-0.026885599136352356
context_forcing+memory_only,0,7,-0.0004670310020447044,0.00917467689514162
context_forcing+memory_only,0,8,-0.00353186130523675,-0.0032816195487976874
context_forcing+memory_only,0,9,0.007930746078491202,-0.004074894905090276
context_forcing+memory_only,0,10,0.010043790340423686,0.016412270307541
context_forcing+memory_only,0,11,-0.07921952366828922,-0.05215781044960033
context_forcing+memory_only,0,12,-0.01922951936721795,-0.036596979141235386
context_forcing+memory_only,0,13,-0.018246123790740976,0.0051191499233247395
context_forcing+memory_only,0,14,0.03162825942039482,0.044134293556213344
context_forcing+memory_only,0,15,0.024941737651825058,-0.02479956293106067
context_forcing+memory_only,0,16,-0.0001807165145873979,-0.02550679302215575
context_forcing+memory_only,0,17,0.0329155468940735,0.012244849681854353
context_forcing+memory_only,0,18,-0.04334606170654298,-0.012820128917694129
context_forcing+memory_only,0,19,0.017280840873718284,0.023435160636901875
context_forcing+memory_only,0,20,-0.015493056774139369,-0.013021242618560858
context_forcing+memory_only,0,21,-0.009866268634796116,-0.019548385143279945
context_forcing+memory_only,0,22,4.673004150390625e-05,-0.010411295890808137
context_forcing+memory_only,0,23,-0.09311882734298704,-0.08707991933822623
context_forcing+memory_only,0,24,-0.01628326654434209,-0.0024543728828430034
context_forcing+memory_only,0,25,0.014076669216156024,0.032308394908905025
context_forcing+memory_only,0,26,0.05048691987991327,0.05782715988159193
context_forcing+memory_only,0,27,0.00470533132553097,-0.00020525646209723636
context_forcing+memory_only,0,28,-0.12107944846153262,-0.09590396094322196
context_forcing+memory_only,0,29,-0.004009642601013219,-0.006569054126739471
context_forcing+memory_only,0,30,-0.03680128335952759,-0.052806750297546445
context_forcing+memory_only,0,31,-0.1091437757015229,-0.11009151530265804
