label,seed,prompt,quality,dynamic_degree,motion_smoothness,temporal_flickering,imaging_quality,aesthetic_quality,subject_consistency,background_consistency,subject_inclip,subject_clip2clip,background_inclip,background_clip2clip
sgf,0,0,0.8399403008127807,0.8166666666666667,0.9839189012441694,0.9679784589343601,0.6711034642358622,0.5983897065122922,0.973931915210184,0.95959589898676,0.9644043608057883,0.8302809912867907,0.9505298901629705,0.8657777978091681
sgf,0,1,0.8738107952160217,0.9916666666666667,0.9839007531312992,0.9677658794128817,0.7745353257656099,0.6207014416654905,0.9758526617978662,0.9635104543539852,0.9712216918346701,0.8089900780625704,0.959188022408434,0.8580084843795841
sgf,0,2,0.8249889683966158,0.025,0.9938796525930231,0.988902486017327,0.7574684294462204,0.6726011281212171,0.9944942340094125,0.9768580987203085,0.9944742251788417,0.979416283739715,0.9713470130838374,0.9812467391250514
sgf,0,3,0.791695424584424,0.05,0.988601678415312,0.9727143039267047,0.7422661986549695,0.5647246507306893,0.9785609687300113,0.9581059199004864,0.9807200213673934,0.7734275214812335,0.9525939285114248,0.7908753464702799
sgf,0,4,0.8531997590714742,0.525,0.989563755538273,0.9803496199417737,0.722051138997078,0.6763171876470248,0.9897448165258761,0.9831442681567424,0.9864694843208919,0.96284932749612,0.9867552398353495,0.966254585179962
sgf,0,5,0.8185776470770405,0.08333333333333333,0.9887264737650683,0.9743510666548036,0.7643179942170778,0.6594228699803353,0.9906472465981032,0.9745880990701098,0.9884296615838364,0.9592396824800667,0.9728879867061492,0.9472233928552195
sgf,0,6,0.799423443971537,0.025,0.9915263611502442,0.9851330861079146,0.6940236249168713,0.574901615579923,0.9946163184542488,0.9865079229197201,0.9942599603726019,0.9841229785390261,0.9894046250210012,0.9843298837918193
sgf,0,7,0.8682923372608747,0.9916666666666667,0.9794196444339993,0.9575125589557721,0.7646564775705339,0.6236125652988752,0.9843419632268408,0.9666023465536491,0.9776986420154571,0.9376637677685553,0.9599545058383737,0.9202572550593304
sgf,0,8,0.8359970252340623,0.016666666666666666,0.9954659321217506,0.9938282955023978,0.7572992095351219,0.7241739879051844,0.9922002502639025,0.9829673749933205,0.9896686118857194,0.9815187764768841,0.9847626060567876,0.9760776137103554
sgf,0,9,0.8199571185959863,0.26666666666666666,0.9863092248323534,0.972248453564114,0.7588895623385906,0.6427951022982598,0.9735512544854691,0.9549026206536411,0.9714844179570036,0.7671410875911472,0.9428377541162635,0.849355490017338
sgf,0,10,0.8578628615302283,1.0,0.983589352857455,0.9709974721366285,0.6393165281514328,0.6343916729092598,0.977233765509268,0.9667845654769164,0.9681344720865449,0.8601877726927525,0.9591582923807124,0.9321402509172424
sgf,0,11,0.8284514210370042,0.4583333333333333,0.9926740842355758,0.9881601165011039,0.6766081230839094,0.5836144655942916,0.9866119602498863,0.9702533912284638,0.9807050456603368,0.9545691489171582,0.964235104796707,0.9471074285126534
sgf,0,12,0.8572034503725336,1.0,0.9748581880064021,0.9550501037423127,0.6327463530401388,0.6952313323815663,0.9812854058044985,0.9739266488934272,0.9725741177156407,0.9236337602639398,0.9730455624159947,0.9358211407641402
sgf,0,13,0.8799255877213805,0.9833333333333333,0.9825202120560653,0.9643184895453111,0.7643657580812772,0.7104785109559695,0.9765487018422319,0.9469132252652176,0.9742483789642011,0.7939753640098732,0.9265360514322917,0.8526914137251237
sgf,0,14,0.8112440592515953,0.075,0.9866854764173151,0.9731674880295796,0.7581568420132001,0.666109352807204,0.9725555954770926,0.9652513230600128,0.9701311188199188,0.7624717022941894,0.962877696047547,0.8559704425455141
sgf,0,15,0.799760419135394,0.10833333333333334,0.9893681237274483,0.9800319830187008,0.7602070617079735,0.5502734623849392,0.9851265963519846,0.9505043577147316,0.9825535407950802,0.8799890883329535,0.9340328749789986,0.8494669231547027
sgf,0,16,0.8723942604616416,0.8583333333333333,0.9805696107890272,0.9603528371044234,0.7499963707129161,0.7180161630113919,0.9826278059931847,0.9695463241639537,0.9786371255113233,0.8634438890368998,0.9689125635290659,0.8836970351824239
sgf,0,17,0.8346033926624196,0.5166666666666667,0.989679872569168,0.9784614352463118,0.7208360906243325,0.6065946330626806,0.9823453384022702,0.9592092129625674,0.9809812231570162,0.8330559064360226,0.9525328933551748,0.8353217174025143
sgf,0,18,0.9045182662731894,0.9416666666666667,0.9883352492146477,0.9763502877054651,0.779951122313738,0.7727181186278661,0.9864768651243395,0.9755869108672712,0.9823115242264604,0.9333800520716595,0.9760163994245633,0.9390641981814088
sgf,0,19,0.8073651218127371,0.008333333333333333,0.988440968423479,0.9754696385221543,0.7788649666905403,0.6502982685963313,0.97291118883405,0.9582903447239184,0.983237049263972,0.6777991233628338,0.9519745201192877,0.8101343790523144
sgf,0,20,0.7904242519826284,0.06666666666666667,0.9864348003865008,0.9698854247417326,0.7585126695831617,0.5319466816882292,0.9787842931322284,0.9689904524458905,0.9724310454822356,0.8470938641484044,0.9692319152175739,0.8665817535224081
sgf,0,21,0.8566894281378115,0.9666666666666667,0.9749410242862798,0.9454951608726402,0.792502869506677,0.6174086635311444,0.9664276255270551,0.9549360122796301,0.9564291608029156,0.7736382544541559,0.9445799468665996,0.8270621865737338
sgf,0,22,0.8563451981640449,0.6416666666666667,0.9856835113741901,0.9778572003280417,0.7804235664010047,0.6190731396277745,0.9890347160920663,0.9697406299489043,0.9899892809250022,0.8867527915149176,0.965005394720262,0.9327433189424146
sgf,0,23,0.8635760078884138,0.8333333333333334,0.9900202730923582,0.9808856631260293,0.6780304556985696,0.6276904861132304,0.9942344213492436,0.9814130970705638,0.995006445739218,0.9714650103524953,0.9848519273983534,0.9567540393156164
sgf,0,24,0.8718001209972978,0.95,0.9759902016356162,0.9511388525931664,0.7879533252914748,0.6730849583943684,0.9785295904770398,0.9714992332012798,0.9691888552920153,0.8830235560401147,0.9679766255040323,0.9378067926198494
sgf,0,25,0.8415154711657633,0.7083333333333334,0.9861363022284457,0.9713774543494181,0.7486456569234531,0.5768180415034294,0.9794860894707597,0.9486317693242403,0.9774804176181875,0.8164285780752406,0.9331205634660618,0.7997535310623025
sgf,0,26,0.8632664049284889,0.575,0.9815933974206225,0.9617921834521824,0.7665054091215134,0.7829584981004397,0.9831551581511808,0.9642820503765609,0.9753385047197983,0.9374955441771435,0.9557087559853831,0.9153592553960175
sgf,0,27,0.8315572636459403,0.13333333333333333,0.9936502564888134,0.9905181275551614,0.7957423060139022,0.6099085450172425,0.9943245156540746,0.983928007634785,0.9945506467373781,0.9762726646511495,0.9846046365717406,0.9834366368145502
sgf,0,28,0.8195100007312285,0.008333333333333333,0.9904867419334261,0.97909977726687,0.6766222046713035,0.7890553265810013,0.9799248707230173,0.9711417223511446,0.9737124421904164,0.8578913186778542,0.968373025873656,0.9271748098505646
sgf,0,29,0.8616785545028436,0.75,0.9891788333628649,0.977813202882904,0.7195391394595305,0.6539664268493652,0.9845145340983258,0.9696766439016706,0.9842867128551006,0.8436006017091895,0.9675116426201278,0.9017525162516522
sgf,0,30,0.8027500287327268,0.025,0.9949541300776231,0.9891294289063784,0.6469709838728109,0.6591737926006317,0.981431488179829,0.969748545605649,0.9757616202997904,0.8689523957857564,0.9703180128528227,0.8707004875696006
sgf,0,31,0.8308368524445146,0.31666666666666665,0.9907905873380706,0.9824001161802828,0.6841597953339419,0.6999538938204447,0.9805604960210067,0.9640018324177521,0.9794393311264694,0.8177884130918679,0.9618405577956989,0.8387331972603037
sgf+rule,0,0,0.8477052344039725,1.0,0.981142753338166,0.9574122324956008,0.6242252340018749,0.631774423023065,0.9796836759262952,0.9622466426220232,0.9694538313534952,0.9222210292555705,0.9487760154149866,0.9432189309296488
sgf+rule,0,1,0.8760974815555238,0.975,0.9843493245710929,0.967013457491507,0.7663377870718637,0.6515775789817174,0.9805166181057622,0.9602215472909291,0.9735410939942124,0.8758963343976927,0.9480963594170028,0.9088602902508583
sgf+rule,0,2,0.8200456333231118,0.06666666666666667,0.9908226309717189,0.981294529492559,0.755706428050995,0.6645749762654305,0.9895034816891826,0.972189973590297,0.9864483105319162,0.9551061654792112,0.9671330933929772,0.9529460528317619
sgf+rule,0,3,0.831135416058822,0.25833333333333336,0.9836594226634074,0.9681714059948142,0.7668204770286877,0.6991038431723913,0.9922639498652887,0.9628470055841247,0.9922117659241282,0.9518320763311466,0.9524225050403227,0.9204806227143071
sgf+rule,0,4,0.8558458521808213,0.6333333333333333,0.9873327017636352,0.976532636530259,0.7409313215414683,0.6408424630761147,0.9893537271355434,0.9816938023704389,0.9839885733140413,0.9813780939879537,0.9821293000252016,0.9765640246767958
sgf+rule,0,5,0.8586959578988286,0.65,0.9877413805752966,0.9696480572223664,0.767841697692871,0.6491658474008243,0.9884311301847538,0.9766786638507453,0.9847432700696811,0.9493905228226125,0.9735547793808803,0.9680480894421329
sgf+rule,0,6,0.7954812813768447,0.06666666666666667,0.9905495475313153,0.9833887319549236,0.6771592235763867,0.5625991612672806,0.9922319851026474,0.981750976539148,0.9918671925462061,0.9556208633575118,0.9841052639868951,0.9653446343766541
sgf+rule,0,7,0.8692672052721068,0.9916666666666667,0.9824434836915535,0.9659251163520065,0.7734116383592288,0.5773153459032376,0.9873343971453373,0.971998399739902,0.98365806869121,0.937981428969808,0.9654346096900202,0.9598318000300592
sgf+rule,0,8,0.8461487059088021,0.0,0.9952284976841668,0.9936795168452792,0.7886127127607665,0.7661714439590772,0.9917801934241235,0.9849732554932451,0.9884384981727088,0.9857367580177403,0.9870382985761087,0.9825847847621982
sgf+rule,0,9,0.8609080773861008,0.675,0.9859067499247888,0.9761387079837275,0.7828911160826683,0.6588467011849085,0.9763483856006006,0.9619713007253059,0.9653791987847897,0.8724532603215771,0.9514627436155914,0.9106533705186444
sgf+rule,0,10,0.8505605814558513,1.0,0.9860425700856301,0.9775978919883179,0.5812759729524454,0.6120945731798808,0.9804185728061995,0.9689421315410027,0.9722634719985146,0.8969441216532924,0.9611129268523186,0.9504567317101134
sgf+rule,0,11,0.8026309534439585,0.05,0.9931950815422323,0.9889703103997348,0.6911987429658571,0.5879479974508286,0.9911088968352673,0.9762866646307043,0.98802239022428,0.9770060644931152,0.9719885385164649,0.9727617777696177
sgf+rule,0,12,0.8628246882617592,0.9916666666666667,0.9818008808301707,0.9698621047711842,0.5295841316183408,0.7670309166113536,0.9823191181814578,0.9791571942852608,0.974911529146215,0.9189457317360309,0.9785876202326949,0.9675433139841095
sgf+rule,0,13,0.8559690269649393,1.0,0.9733402638175329,0.9429292602788389,0.7815514996250471,0.6227840478221576,0.9713893928191459,0.9481628958426239,0.9655227367435731,0.7807931779813366,0.9270309612315188,0.8720555876483437
sgf+rule,0,14,0.8282442715621644,0.5166666666666667,0.9843039803354938,0.9451609473446615,0.7641811805168787,0.648328315714995,0.9700806038505796,0.9564216388320684,0.9641986110277714,0.7696623760862511,0.9425963699176748,0.8848925430734619
sgf+rule,0,15,0.7991351229044346,0.008333333333333333,0.9898714830075251,0.9829885510525673,0.7370497657855353,0.5714508886138598,0.9906605139537326,0.9739380732136079,0.9883154175855139,0.9624308908686918,0.9694960071194557,0.9588787708462787
sgf+rule,0,16,0.8787624026737386,1.0,0.9762738855353025,0.947727763200897,0.6772480987509091,0.8086723804473877,0.9820099219548635,0.971148383912427,0.9745958749565385,0.9132516005960833,0.9642276230678762,0.957250723067452
sgf+rule,0,17,0.8652148163562512,1.0,0.9719138240502159,0.9515273932849659,0.7602487730781237,0.638617620865504,0.9926422199626955,0.9646859997872042,0.9911037517010525,0.9768948269491436,0.952898185483871,0.9485251700677791
sgf+rule,0,18,0.8985156069294693,1.0,0.9885449312109251,0.9765463922849666,0.7500364182591439,0.7319522296388944,0.9909738711754024,0.972619071235093,0.9885000667424612,0.9713537264771822,0.9671891407300066,0.9571452749376538
sgf+rule,0,19,0.8241426246573879,0.0,0.979543235298482,0.9595474386059382,0.7855843219955762,0.8047582636276881,0.9881790862300955,0.9639283975082453,0.9875396960765445,0.9019980485699758,0.9531439668388777,0.9349409549677071
sgf+rule,0,20,0.8033933006051873,0.0,0.9903363912925169,0.982297965233622,0.7572009478211403,0.5766407464941342,0.9908402842530489,0.9787835708997292,0.9872262427643422,0.9789633492962653,0.9770492061491935,0.9723843548979078
sgf+rule,0,21,0.8658118875855495,0.9916666666666667,0.9725909921560771,0.9349507401036281,0.790225842654705,0.6882309779524803,0.9725051231666348,0.9605774168853652,0.9630241886181856,0.8199681409266817,0.9504764679939516,0.8912321617122457
sgf+rule,0,22,0.8724306522102067,0.8833333333333333,0.9863402150666921,0.9779206960886911,0.7863408697843551,0.6026486689845721,0.9862259311316859,0.9661182151181794,0.9851864780149152,0.8714239429525968,0.958752178889449,0.9227096538583771
sgf+rule,0,23,0.8334076200323929,0.5,0.9914631651292031,0.9846508388815364,0.6475151043136914,0.6065241664648056,0.9960244927829319,0.9851428185504735,0.996823958291482,0.9868522366555799,0.9896475186911962,0.973062833066748
sgf+rule,0,24,0.8675775699943507,1.0,0.9712731241446008,0.94805177080865,0.7663077070514361,0.6581004321575165,0.9822034800908604,0.9747415213992852,0.9729655812344244,0.9426684344516081,0.9703342232652888,0.9636935589193296
sgf+rule,0,25,0.8184011921650877,0.38333333333333336,0.9888535206348313,0.9776499667510488,0.7597034186323484,0.5339536356429259,0.9832494908298476,0.958537843787952,0.9763115091269374,0.926874206346624,0.9434593282720094,0.9240938107005688
sgf+rule,0,26,0.8843878627380224,1.0,0.9762041750642714,0.9441786829007218,0.7770902423858643,0.776326394577821,0.9771828162969172,0.9597283271279979,0.9646002910630678,0.9196723952513783,0.9491623088877688,0.8857412343265629
sgf+rule,0,27,0.8287212427903422,0.13333333333333333,0.993606183821129,0.9895988155112547,0.792591852327188,0.6070104345679284,0.9935578908939487,0.9773874484055767,0.9938125658419825,0.9702617050218982,0.9730392620127688,0.9792587376442277
sgf+rule,0,28,0.8314564999866048,0.14166666666666666,0.9871958467444062,0.9689085205084358,0.7344228605826697,0.767384889225165,0.9849447589247087,0.9768705176402628,0.9782322914449757,0.9448096997597638,0.9769733387936829,0.9504376777580806
sgf+rule,0,29,0.8656146662692774,0.9083333333333333,0.9861790845945378,0.9755361521321964,0.7358325786391894,0.5830294956763585,0.9910219583152542,0.9769679545871159,0.990255112913988,0.9461149823765794,0.9732828776041667,0.9731470236257345
sgf+rule,0,30,0.821075382890602,0.275,0.9935585553097738,0.9870680294940674,0.6626609649260838,0.6413339311877887,0.9850284578769734,0.9715210787203412,0.9811246809379388,0.9041022014718095,0.9699846165154571,0.9178933298387447
sgf+rule,0,31,0.8797754869982904,1.0,0.9885249141945923,0.9732625683148702,0.6638418706258139,0.725155013302962,0.980644252111835,0.9668635716015341,0.9724907179833742,0.9016153496854445,0.9605647917716734,0.9192068939950285
tethercache_fifo,0,0,0.7896885702844589,0.875,0.957776071998422,0.9182830865554561,0.5994173888613781,0.5916453088323276,0.9479119093998188,0.9424959941793402,0.9441967766531693,0.5990212023759088,0.9234555480300739,0.7658316266386449
tethercache_fifo,0,1,0.7852847842484931,0.0,0.9907212309066329,0.9828004238106848,0.6961423408289751,0.5610300578176975,0.9711367571051438,0.9635451797959634,0.9731586141291485,0.7157370410546535,0.9634362005418347,0.7914882515157972
tethercache_fifo,0,2,0.8370086362346505,0.6916666666666667,0.9837810880142434,0.9708833489620609,0.7064959407746791,0.6322276125351588,0.955478330516446,0.9510764272517508,0.9369212811312049,0.7537674172585752,0.9378548570858535,0.8031594314995933
tethercache_fifo,0,3,0.7744992873358633,0.09166666666666666,0.9910951758234382,0.9846975647779852,0.6310183143317699,0.5061018342773119,0.9707776873547241,0.9621665375875413,0.9729782212245207,0.7124577174667551,0.9629888719128026,0.764021669115339
tethercache_fifo,0,4,0.8001219536145017,0.10833333333333334,0.9915536577259999,0.9882442613092124,0.657024232506752,0.606764022509257,0.9786980161364951,0.9703852499430793,0.9766202600973268,0.8113015153828789,0.9753931189096102,0.8286240343787089
tethercache_fifo,0,5,0.7912728268894222,0.2,0.9793432893119186,0.9655855397227543,0.7025844505925973,0.5707481766740481,0.9752349146134399,0.966080739277389,0.9750562891604438,0.7656440673349034,0.966638446110551,0.8308664738130169
tethercache_fifo,0,6,0.791905024542591,0.14166666666666666,0.9885576540656772,0.9808470045896915,0.675523199816545,0.5459164872765541,0.9808230757028525,0.9703967987673942,0.9733843715841412,0.8899808804027173,0.9704368673345094,0.8868573413175695
tethercache_fifo,0,7,0.7902542909946553,0.375,0.9849813642296084,0.9770542669062521,0.6187225478490194,0.5210347093641758,0.9739250225863555,0.9592196710425342,0.9759600798529322,0.7342891504659372,0.9561923119329638,0.7746791627978077
tethercache_fifo,0,8,0.8245725356117485,0.0,0.9947672110653006,0.9934679047997091,0.7596165134012698,0.6698256303866704,0.9897041244704933,0.9773532444106433,0.9886023661141755,0.9354237390666449,0.9843098958333333,0.8875705136471436
tethercache_fifo,0,9,0.767720292848694,0.03333333333333333,0.9908130333297255,0.9854497735757453,0.6025292029082775,0.52656551177303,0.9676803504791536,0.9589873579711586,0.9745808403738726,0.6636539404632664,0.9589045698924731,0.7284070067420727
tethercache_fifo,0,10,0.7926724128594473,0.31666666666666665,0.9902983480740571,0.9859766879619336,0.6054774816532931,0.5577736328045527,0.9621954806856026,0.9539168336331397,0.962589563309185,0.6728796674674299,0.9452147781207998,0.7806629981814313
tethercache_fifo,0,11,0.7715994054889342,0.05,0.9928733750362236,0.9889764096066842,0.6099471069971719,0.49689383134245874,0.9817352514897935,0.9634859843072101,0.9794134932419946,0.8369139074778357,0.9603909400201613,0.8442001019706246
tethercache_fifo,0,12,0.860099008040931,1.0,0.969251566015065,0.95834709667692,0.6977245302995045,0.6913716907302538,0.9690233449773963,0.9609320524067034,0.9575473398370768,0.8091338865396356,0.9560157693842406,0.8348645525319236
tethercache_fifo,0,13,0.848465772525395,0.9166666666666666,0.973029908647227,0.9587498706540251,0.7739948660035929,0.6329744214812915,0.9434686296879388,0.9343902782434258,0.9296008466112037,0.6405989974737167,0.9117918937436996,0.6882304863519028
tethercache_fifo,0,14,0.8025890912403761,0.4583333333333333,0.9868570952849177,0.9790670470007105,0.6332182396153608,0.5476520818968614,0.9614407323975024,0.9593334539687175,0.9607538551492716,0.6749267670787683,0.953269515498992,0.8289904312676742
tethercache_fifo,0,15,0.7793574872494976,0.0,0.992237528736974,0.9876346749378965,0.6724530078172684,0.5129105351865292,0.981244767003007,0.9659083767908742,0.9883623149926943,0.7547104662331212,0.9643401115171372,0.854516833770175
tethercache_fifo,0,16,0.8432637092842831,0.975,0.9672044295036909,0.9481758148374122,0.696786098986864,0.6606450349092483,0.9520731198909158,0.952844843162817,0.9290767620728221,0.7631260231763375,0.9410547400033601,0.8110801116759035
tethercache_fifo,0,17,0.8295414579918231,0.9166666666666666,0.9603336973143958,0.9409256176387563,0.736274485170841,0.5558114270369212,0.9839849352725444,0.9610196149491533,0.9801012006177697,0.8829941286259338,0.956511729250672,0.83092138947559
tethercache_fifo,0,18,0.8202986074849042,0.2916666666666667,0.9891166238857989,0.9856884648519404,0.6508225794732571,0.667702333132426,0.9841901072290966,0.965634653491816,0.983524243781964,0.8446049104217722,0.9654254216019825,0.8348098600111088
tethercache_fifo,0,19,0.8213905470647398,0.225,0.9884158430304026,0.9788192244059121,0.7505250479082266,0.6481086870034536,0.9740500212179588,0.9605634070276066,0.9750128627864905,0.7448940077373961,0.9565696798345094,0.8089889027491337
tethercache_fifo,0,20,0.7791689564666948,0.075,0.9886708667382699,0.9798596152137307,0.7089169349273046,0.47520516216754916,0.9763248768109665,0.9670071779600229,0.9788411000403024,0.7514392803697025,0.966287133001512,0.8569728476660592
tethercache_fifo,0,21,0.8115549871783091,0.48333333333333334,0.9718552116829193,0.9606777948959201,0.7430200711687408,0.5966821715235711,0.9550642893158572,0.9559998507652537,0.9495064534567377,0.6618748739236543,0.9479269704511089,0.7985657896815228
tethercache_fifo,0,22,0.8452877742965499,0.7666666666666667,0.9846581876081614,0.9807316104804769,0.7406745795905589,0.5566531548897425,0.970751927016575,0.9586428572051215,0.9669822301274987,0.7587604088192227,0.9527088452410954,0.8094328547976598
tethercache_fifo,0,23,0.7855093073556841,0.058333333333333334,0.9901069546532258,0.9821533662275551,0.6860146137376627,0.5362592928111554,0.9771466291351867,0.9665029110203629,0.979216018150891,0.7631828329142403,0.9682053432669692,0.816520201809266
tethercache_fifo,0,24,0.8027922901159812,1.0,0.9382423162644836,0.8930971664540908,0.7560921063423156,0.5974961568911871,0.9406068751858089,0.945196841212987,0.9048956195673635,0.7726971414409766,0.9275883500294019,0.7825007546348732
tethercache_fifo,0,25,0.7962893943477132,0.18333333333333332,0.9912335851960087,0.9847450424409379,0.7111892759700617,0.5247206171353658,0.9716869016975268,0.9587286879780443,0.9666677679746382,0.7760786156193549,0.95416259765625,0.7873251843853157
tethercache_fifo,0,26,0.8180791111840264,0.15833333333333333,0.9808865599428949,0.9703789578426897,0.7432157717247805,0.6978300139307976,0.9822874477410914,0.966727586573257,0.9767712495019361,0.8818384564223409,0.966610553700437,0.847716424645496
tethercache_fifo,0,27,0.8033127616573458,0.0,0.9936775819488377,0.9922199283978518,0.7339038618505,0.5734827719628811,0.9870449954111545,0.9729857482028827,0.9899140442330991,0.8382341504848304,0.9791357553133401,0.8475979867101717
tethercache_fifo,0,28,0.8358044712058359,0.5666666666666667,0.9798078128291396,0.9659511002528123,0.6701170072058836,0.7261775473753611,0.9646773998907378,0.9608714003414268,0.9529159234576327,0.773749714263347,0.9561720325100806,0.8314531613297823
tethercache_fifo,0,29,0.8286256073369623,0.4583333333333333,0.9884182535957314,0.9820786570061266,0.7044187457660834,0.5974708331127961,0.9805034034082816,0.9684993614851519,0.9791705951735538,0.818895121582416,0.9709855274487568,0.8368907362973991
tethercache_fifo,0,30,0.8107688721163502,0.4666666666666667,0.9899770999139654,0.9841047549968452,0.5661898168226084,0.630721814930439,0.966323132865985,0.9615114170328464,0.9529467510840585,0.801816129133481,0.958735574701781,0.802917871154657
tethercache_fifo,0,31,0.7849562773610578,0.14166666666666666,0.9899260539430264,0.9798613088271196,0.6003340541422367,0.6019227320949236,0.9686271451294418,0.9602535097080984,0.9685723952388251,0.7130964595605346,0.955885232904906,0.8106476251317674
tethercache_fifo+rule,0,0,0.7993393591897904,0.9333333333333333,0.957269029323097,0.9102786718941982,0.6204626620411873,0.6214090709884962,0.9521150779282805,0.9433553556414054,0.9418825048913239,0.6763076086004242,0.9221431609122984,0.8092232216306093
tethercache_fifo+rule,0,1,0.8062741478842843,0.008333333333333333,0.9916761265646675,0.9828211824488796,0.7572330321669579,0.6125117709239324,0.9773818178760331,0.9702253285659233,0.9757853688892498,0.7951696181998533,0.9697671869749664,0.8912752468545898
tethercache_fifo+rule,0,2,0.8490868699730785,0.95,0.9787133968361724,0.9613053240495569,0.727917052656412,0.6191790327429771,0.9481098110726496,0.9457755715295536,0.9234852784944159,0.7417948344299773,0.9275634765625,0.7971274522172302
tethercache_fifo+rule,0,3,0.8016150116280768,0.03333333333333333,0.9917387756957974,0.9841630263655793,0.7342629172702629,0.5870938504735629,0.9823838812222886,0.9672051469948414,0.9804785044363108,0.8394919491114736,0.9648083102318549,0.8756514056390073
tethercache_fifo+rule,0,4,0.8119904562655434,0.09166666666666666,0.9921997170072697,0.9891855853133732,0.6980800757110119,0.630202341079712,0.9840174947281745,0.9777690981457269,0.9787502152464724,0.9106335201684166,0.9814245736727152,0.9293038709824827
tethercache_fifo+rule,0,5,0.8095799202118301,0.09166666666666666,0.9840421415550283,0.971798193189833,0.7591800700426101,0.6291351134578387,0.9865393117481408,0.9749880144673867,0.983602166552377,0.9142388345814553,0.9738289125504032,0.9462337824476867
tethercache_fifo+rule,0,6,0.7881726833417257,0.025,0.9906683654413511,0.9850258403782751,0.6696216860810916,0.5549661099910737,0.9854720512505594,0.9755413964860772,0.980100475067413,0.9358950224744171,0.9762804256972447,0.9357713561098114
tethercache_fifo+rule,0,7,0.8386028436824284,0.5083333333333333,0.9845420046366125,0.9770464603495753,0.7517632831732433,0.6174065659443537,0.9823967298131535,0.966451265589119,0.9785423720395694,0.859229543379375,0.9586900936659947,0.9303002450145593
tethercache_fifo+rule,0,8,0.8363619085718589,0.0,0.9957322989677455,0.9945972951262995,0.7887677264610926,0.7001008878151576,0.9926006125490243,0.9828584517381443,0.9910166324627016,0.9769243417667741,0.9873243762600805,0.9589436212006737
tethercache_fifo+rule,0,9,0.8105832186753525,0.025,0.9898433964877573,0.9841448667080573,0.7490506025354068,0.6359714527924856,0.9829699799976339,0.9706461226013531,0.9802870895272942,0.8521941214048562,0.9688135290658603,0.9106390618977427
tethercache_fifo+rule,0,10,0.8303595179105348,0.6166666666666667,0.9884920048293682,0.984526253580268,0.649639531781276,0.603699919829766,0.9696338825938032,0.9585510254358172,0.9652800810513317,0.7532776537813058,0.9488241872479839,0.8622322315428438
tethercache_fifo+rule,0,11,0.7796953732987926,0.13333333333333333,0.9934506583427456,0.9898362049557805,0.5996512235005695,0.5040064935882886,0.9846796503892129,0.9682064703532803,0.9803913727883369,0.9047624065595514,0.9640459614415323,0.9091451711514417
tethercache_fifo+rule,0,12,0.8687794273063694,0.9916666666666667,0.9635472724951062,0.9537651098475737,0.7303002550999323,0.7330558394392331,0.9761383114600102,0.9682619218698245,0.9648194392522176,0.8752068401384754,0.963328896799395,0.9196154054473428
tethercache_fifo+rule,0,13,0.8471081756292759,0.975,0.9677985956924687,0.9518615168372011,0.7751169616679351,0.6381475960214933,0.9396324583573195,0.9319790327963563,0.9175848293488704,0.6721183975078479,0.9053456296202957,0.7210150858183869
tethercache_fifo+rule,0,14,0.8310126350428557,0.625,0.9869736579343944,0.9799740948786142,0.7112706897854806,0.5541280344128608,0.9660092586458465,0.9657537955709087,0.9593210172508992,0.7414712145799348,0.9590750745547715,0.9100600543643246
tethercache_fifo+rule,0,15,0.793055505257719,0.0,0.9905768483658821,0.9836489930768418,0.6951587213277816,0.5842279021938642,0.9895137549155585,0.9672213569943474,0.9900561488604034,0.9048259052909723,0.9633714245211693,0.8945487589896226
tethercache_fifo+rule,0,16,0.8383441400169794,1.0,0.9650917390519093,0.9434165250086316,0.6980174787143867,0.6421972557902336,0.9486154692942047,0.950537197952265,0.9206589654728929,0.7749099566155121,0.9348654470136087,0.8392966084119653
tethercache_fifo+rule,0,17,0.83924003713766,0.9916666666666667,0.9629334069878546,0.9420731284883287,0.7560651558637619,0.5412540964782238,0.9855051447456914,0.9658294593588116,0.9810179345309734,0.9235600618755117,0.9613831878990255,0.8854082073985028
tethercache_fifo+rule,0,18,0.8930174370770867,0.9833333333333333,0.9845993153642779,0.9778262321543849,0.7602829892039299,0.7069310317436854,0.9893901882862939,0.9721078709664961,0.9863041482785697,0.9539934061154598,0.9682890204973117,0.944687979561942
tethercache_fifo+rule,0,19,0.8327093299557903,0.10833333333333334,0.9898993687321647,0.9811439006936316,0.7729140299161276,0.7201540236671765,0.9853429857787617,0.9700782906716651,0.9830665849549797,0.8784060001122851,0.9679301600302419,0.9071671985277608
tethercache_fifo+rule,0,20,0.7867905319358801,0.016666666666666666,0.9883781541279409,0.9782096051078994,0.7387689983646074,0.5179149801532428,0.9834865042720758,0.9693794663141008,0.9786917103955182,0.8904120333555365,0.965442157048051,0.9209549319343406
tethercache_fifo+rule,0,21,0.837511024789204,0.5583333333333333,0.9729932570889749,0.963089885423386,0.7649635686675709,0.6789009263118108,0.9634262694965285,0.9610565068297395,0.9571516528965965,0.7193105416137631,0.9528620894237231,0.8715415812340104
tethercache_fifo+rule,0,22,0.856846685676077,0.8166666666666667,0.9862205765899368,0.9837638175955006,0.7825574371616045,0.5357200595239798,0.9755119480772909,0.9660784863192199,0.9735079727906694,0.7828508800819141,0.9603551064768145,0.9011927342214504
tethercache_fifo+rule,0,23,0.8046657568767708,0.125,0.9922927296401184,0.9861258706859514,0.6821824751396973,0.573913968851169,0.9929208653683328,0.9817685380672536,0.9934323826864842,0.9530905001804608,0.9863829910114247,0.9524604114664703
tethercache_fifo+rule,0,24,0.7978598329654909,1.0,0.933048493875604,0.8893297748316348,0.7498606090247631,0.5990192567308744,0.938771037778127,0.9472484732173693,0.9017798604583869,0.7681958696671894,0.9296618389826948,0.8176582453130674
tethercache_fifo+rule,0,25,0.8157841989699719,0.325,0.9913487754754011,0.9852297503846922,0.7438980706433456,0.5372920354207357,0.978166099141707,0.9596970923749129,0.9697165311344208,0.8634117265709308,0.9511039487777216,0.8623464553296065
tethercache_fifo+rule,0,26,0.8394770453170026,0.19166666666666668,0.9808928857850121,0.9689502636747421,0.7829263302286465,0.777885324259599,0.9853470986081428,0.9688713124386398,0.9795173481026644,0.9400442267666343,0.9632269090221774,0.9331129010485
tethercache_fifo+rule,0,27,0.8159373354330265,0.0,0.994705464798507,0.9933914765403941,0.7908811987042427,0.5861950139204661,0.9905451111555436,0.9741556374330569,0.9916042691757602,0.9144174461605168,0.9747581563970094,0.9234312069015342
tethercache_fifo+rule,0,28,0.8431376555104906,0.5666666666666667,0.9786790985293244,0.9632509915501465,0.67916778348883,0.7552475700775783,0.9718621130583496,0.9699444756966297,0.9583440382313986,0.8492387559484033,0.9683358141171036,0.8986159485428273
tethercache_fifo+rule,0,29,0.8563790749662061,0.7166666666666667,0.9886146424238841,0.9812054036333671,0.7358951708773772,0.6041047553221385,0.9858015820311282,0.974848309163911,0.9822709662299002,0.9115254996704454,0.9749341739121303,0.9354011045784509
tethercache_fifo+rule,0,30,0.8209786404794303,0.5333333333333333,0.9911706572818616,0.9859174304713609,0.587340153425932,0.6317164291938145,0.9672615785446775,0.9621034444213962,0.9532443115347495,0.814903928577399,0.9582228137600807,0.8365328367016897
tethercache_fifo+rule,0,31,0.8156785346443136,0.35,0.9898128027247372,0.9796133040524776,0.6306718186736108,0.6450017208854357,0.9793553541369703,0.9680842191285378,0.9730641862077097,0.8521194600758433,0.962872051936324,0.9207413041291117
tethercache,0,0,0.7896650698588277,1.0,0.970173745183652,0.9000218198813644,0.5455362096975248,0.5879533429940541,0.9483468737026769,0.9433392969240724,0.9395337408989347,0.6391412312744045,0.9258917695732528,0.7583651460018479
tethercache,0,1,0.8341210931969734,0.8666666666666667,0.9860615834754635,0.9479670999564377,0.7240649735629557,0.5542471766471863,0.9648716285806761,0.9489614816041282,0.9679252482149551,0.6729839069753134,0.9384422384282594,0.7370671872832194
tethercache,0,2,0.8541502267961945,0.9666666666666667,0.9866943029453517,0.9668091604756374,0.6952111502488454,0.6256548802057902,0.9555518674533083,0.9456767985319559,0.9370414649727205,0.7540435372781353,0.9269680884576613,0.8051280594673478
tethercache,0,3,0.8019565408757772,0.30833333333333335,0.9917200017504406,0.9806492579996197,0.6569221587777139,0.5732476383447647,0.9625287768011099,0.9588638166585596,0.9753621918379619,0.5920219538467271,0.9591192430065524,0.7209497492353455
tethercache,0,4,0.8266524224303229,0.075,0.9937037916512462,0.9902558254767087,0.7145699416001638,0.7065614129106204,0.9850688340635696,0.9788834622023185,0.9800953515354663,0.9244086787480266,0.9834266580561156,0.9314857518472591
tethercache,0,5,0.8804990203585435,0.9666666666666667,0.98563716868922,0.9694479257608551,0.7787387319405874,0.6494522248705228,0.9835795663009123,0.9660766987340814,0.9794471717970346,0.8802089335537758,0.9628222393733199,0.8724808722984891
tethercache,0,6,0.7892926070366701,0.008333333333333333,0.9939698075290108,0.9895302043319527,0.715487833440304,0.5044477639098962,0.985757168340803,0.972922990786874,0.9869580225117746,0.8419560810097125,0.9769110566826277,0.8682983414966519
tethercache,0,7,0.8551296101167393,0.7083333333333334,0.9894050138555021,0.9760917592516132,0.7478763564626376,0.6189277991652489,0.982325730928368,0.9633241058547942,0.9756784208920053,0.9048569795965147,0.9557316605762768,0.8932426409060213
tethercache,0,8,0.8306572960513358,0.025,0.9956026288157639,0.9942089149151363,0.7960181805491447,0.6505243688821792,0.9906012636617352,0.980333019174496,0.9918006745717859,0.9128356222845927,0.9862723401797716,0.9319812878340232
tethercache,0,9,0.8254904062047684,0.48333333333333334,0.9825029580826055,0.9658256584522771,0.7263361857533455,0.6436680329342683,0.9593366447785769,0.9595889707012897,0.9578229886309433,0.664448423170242,0.9533033801663306,0.835186876168772
tethercache,0,10,0.8529446619213209,0.9666666666666667,0.9906301595752187,0.9842214044948029,0.615914441516002,0.6017674664656322,0.9709619950938979,0.958102609321341,0.97283744790381,0.7155641075693259,0.9500872212071573,0.8381787856586841
tethercache,0,11,0.7851795842432023,0.03333333333333333,0.9943242466159361,0.99111854155274,0.6871386340061822,0.5040414241453012,0.9824471815882594,0.963984962217251,0.9883454192069269,0.7747092050414125,0.96324705718666,0.8139695617832056
tethercache,0,12,0.8283576529552389,1.0,0.9417104297522368,0.9014492047378441,0.734680841833353,0.7043183237314224,0.9605014843755074,0.9622080256641394,0.9417820615233272,0.7974117217945451,0.9535318354124664,0.8929697052270424
tethercache,0,13,0.6560360316735541,1.0,0.8254801685692751,0.8144871718119953,0.5873050942321617,0.5544923375050227,0.8594430628325154,0.9096228433955835,0.7870345993160262,0.49478996510640916,0.8701284757224461,0.5510296105649792
tethercache,0,14,0.854818708389198,0.975,0.986298448623462,0.9723210120279026,0.708218636284272,0.575908824801445,0.9610200669160852,0.9582325644091879,0.9597404210317521,0.6760067786990094,0.9537299699680779,0.7818090595117136
tethercache,0,15,0.7983208009160611,0.0,0.9933677330988113,0.9888798219121359,0.7354156081080436,0.5521646338204543,0.9874619661526537,0.9707285164845907,0.9948902503697461,0.8048734518409777,0.9713384812878024,0.8825961659435465
tethercache,0,16,0.8330690136179,1.0,0.96797209019362,0.9298224900438896,0.7025737097263336,0.611808584133784,0.9592515018979022,0.9548773269425357,0.9353377117264655,0.8281376093876462,0.9447948168682795,0.8209790752715423
tethercache,0,17,0.8249254949528159,1.0,0.9672287552622322,0.9256650099099851,0.7056051943798861,0.5886137545108795,0.9494431770040976,0.9493264440185668,0.9267173007971817,0.7367793554518404,0.9370447302377353,0.7665068636170956
tethercache,0,18,0.8806428680578406,1.0,0.9816437730052179,0.9662906562424953,0.7555231274962426,0.6950240264336268,0.9771487440553849,0.9599180999528317,0.9705659644337751,0.8333008919192963,0.9526432160408266,0.8517366194424509
tethercache,0,19,0.8321104271099422,0.2,0.991682444489251,0.9802938802179947,0.765454591234525,0.7002231995264689,0.9754519353463071,0.9593145917635457,0.9799438455813033,0.7271840292490831,0.9540723575058805,0.8089819695769238
tethercache,0,20,0.8202640932495364,0.7666666666666667,0.9788194735723855,0.9502183689946443,0.7283868438700836,0.5172234731415908,0.9628237722385684,0.9591536086639428,0.9672037515188416,0.6482957158269,0.9540030530703966,0.8032981590563509
tethercache,0,21,0.8518648116943736,1.0,0.976649547962288,0.9563351358931048,0.7113178689976534,0.6306222851077715,0.9544738123423444,0.954081103722869,0.9371981273495381,0.7330358030916262,0.9440004410282259,0.8000948158632807
tethercache,0,22,0.8671178736525468,0.975,0.9832259104618224,0.9746192452486824,0.7812727704445521,0.5569306234518687,0.9765332075427994,0.967123989128109,0.9735211529078023,0.8004048611937451,0.9625067598076278,0.9003392818595181
tethercache,0,23,0.8078129892493925,0.06666666666666667,0.9935096369314358,0.9860209630751142,0.6852590449154377,0.6218615800142289,0.9916411644215297,0.978967175402434,0.9929107389543006,0.9300011085862873,0.9840297904065861,0.9271134283362317
tethercache,0,24,0.7994361911250374,1.0,0.9348026423614021,0.8750622721902684,0.7413803192476431,0.6237366770704588,0.9528628719984407,0.9546147862861036,0.9219038077339691,0.8343045050356569,0.9412708569598455,0.8592417731004602
tethercache,0,25,0.841407605157901,0.9833333333333333,0.9799413247834152,0.941793978915495,0.7776030465463798,0.5307781606912613,0.963329427025512,0.9477906376117218,0.9477376559649103,0.7946422776254285,0.9307988648773521,0.8159263975480023
tethercache,0,26,0.8720131260084791,0.875,0.9742452639382778,0.9407744449260188,0.7907682368457317,0.7634538412094116,0.974813514779584,0.9596819153573368,0.9645693628377813,0.8463878131964627,0.9501351305233535,0.8712814062082467
tethercache,0,27,0.7988389578083429,0.016666666666666666,0.9953319423968691,0.9939615972875769,0.7782045647303264,0.4855714323620001,0.9872268381275385,0.9697444254745117,0.9927136833308846,0.8182061175588801,0.9693268150411626,0.8833741282715517
tethercache,0,28,0.8565930640662779,0.9916666666666667,0.9802152817329077,0.9478216049406264,0.6651446487009525,0.7143789197007815,0.9576267989217586,0.9572992925609792,0.9431148169101566,0.7365092463603541,0.949421150453629,0.8249631471493665
tethercache,0,29,0.8904434597178312,1.0,0.9911107146161527,0.9841048561825472,0.7505327652891477,0.6518364374836286,0.9860818341475363,0.9753430311615117,0.9882926619501525,0.834849201080178,0.9781313004032258,0.9115921248908804
tethercache,0,30,0.8406818890335295,0.9666666666666667,0.9900677111464763,0.9794620600381708,0.5795447972714901,0.5935352973639965,0.9587666430573109,0.9536315139931827,0.953218212170947,0.687291070067582,0.9479813770581317,0.7325570513220394
tethercache,0,31,0.8388513122902853,0.7,0.9916638455315724,0.980159437118792,0.6727477200826009,0.5980622544884682,0.9693699479811438,0.9565330175418424,0.9710117326468551,0.7067883496775347,0.9511263939642137,0.7696278576089555
tethercache+rule,0,0,0.7640833920119281,1.0,0.9443790003129917,0.873760596287796,0.5901976713687181,0.561243957777818,0.9365359889037018,0.9351657842082349,0.9180803307602484,0.6200544618132735,0.9074325069304436,0.7834246348934013
tethercache+rule,0,1,0.828245254562288,0.45,0.9869356269104642,0.9661383165097704,0.7562472052375475,0.6101569935679436,0.9755789891304095,0.961878150797498,0.9698655268197418,0.8150013577537376,0.9548108172673051,0.8683958281488979
tethercache+rule,0,2,0.8626763290537347,0.9833333333333333,0.9854989438130057,0.9715771085764069,0.7219822583993276,0.6354153250654538,0.9468972838232664,0.9544871255779026,0.9167679883139108,0.7788728875021974,0.9446450510332661,0.803861359087359
tethercache+rule,0,3,0.8730251839474589,0.9333333333333333,0.9869723790654008,0.9751424722967585,0.75791289032499,0.6212870140870412,0.9823849361519217,0.964994714284157,0.9773604370573515,0.8742650887545418,0.9625603788642472,0.8540503675697231
tethercache+rule,0,4,0.813781782809053,0.11666666666666667,0.9926727594379766,0.9879671553186341,0.6678062567810218,0.6518072634935379,0.9886857805676288,0.9807296784308391,0.9863063458793906,0.9386617929494682,0.9835170950940861,0.9565864941653084
tethercache+rule,0,5,0.8547715205117045,0.7583333333333333,0.9812152353024098,0.9618481281380248,0.7652049571275711,0.6303007101019223,0.9839241680586942,0.9696882503399549,0.9785586407027578,0.9107260819242782,0.9636949108492944,0.9429686790754815
tethercache+rule,0,6,0.8139117862840233,0.4,0.9888206444617853,0.9821649604529339,0.6650294388035933,0.5510614350438118,0.9867385601939925,0.976186760613614,0.9849804003552725,0.8952248679990528,0.9795341901881721,0.9151585592943079
tethercache+rule,0,7,0.8717062068360063,0.9916666666666667,0.9859841744612731,0.9699889605653053,0.7609015721281369,0.5894360348582268,0.9843730725295833,0.9694891379244094,0.9789236371715864,0.9206751462291268,0.9627735425067204,0.946637895427832
tethercache+rule,0,8,0.8283682069411789,0.008333333333333333,0.9954613929727653,0.9940569601991988,0.7994264257351558,0.6367397059996923,0.9917832244479576,0.9828001597537985,0.988810451384834,0.9817795220042477,0.9842894851520497,0.9768605748144519
tethercache+rule,0,9,0.8288458260758317,0.625,0.9790514417821602,0.9619862885958228,0.726211257080237,0.6237021222710609,0.9578115209072815,0.9559345993345201,0.947669269272717,0.708413068361643,0.942976297358031,0.8679103721089724
tethercache+rule,0,10,0.8617706619039632,0.9416666666666667,0.992068468538405,0.9869541176004347,0.6461097411413987,0.6041073446472486,0.9790204043991025,0.9696155334887563,0.9825889478848187,0.7659245211036265,0.9667369555401545,0.9108320073921139
tethercache+rule,0,11,0.7815459698030793,0.041666666666666664,0.9947333204768879,0.992062622024343,0.6311771701773008,0.51725523446997,0.9891057511789173,0.9663582465462232,0.9892760331752479,0.9041620265035069,0.958435517998152,0.9309358744561171
tethercache+rule,0,12,0.8327071923449912,1.0,0.9387060426784525,0.9057939789965261,0.7299832450648149,0.7187318106492361,0.9684735154813374,0.9679721541010411,0.951193025291607,0.8533835371001428,0.9617927797379032,0.9297010282508466
tethercache+rule,0,13,0.6974425127631279,1.0,0.8900789232070513,0.8548292868745093,0.5636331413586935,0.5459955339630445,0.8420679582607412,0.9031434457534812,0.7541427149046813,0.4856645287241505,0.8577040805611559,0.5413442889557165
tethercache+rule,0,14,0.8563310083474014,0.9916666666666667,0.9833950886996538,0.9682246866335277,0.714162859350443,0.5948768178621928,0.9604857936518445,0.95691838278515,0.951036525069065,0.7207592098402376,0.9473792291456654,0.8425527067244554
tethercache+rule,0,15,0.7992436984105888,0.0,0.9911489502903266,0.9817222550725627,0.7430746339758236,0.5806079323093096,0.9929006882539395,0.9636731396521067,0.9944396406812694,0.9418783530968577,0.9524935158350135,0.9362387391699463
tethercache+rule,0,16,0.8134227344752671,1.0,0.9445687631310313,0.9047201775257884,0.7157872008581957,0.6278639152646065,0.950985946833302,0.9554039506424675,0.9215316539249753,0.8085930810756042,0.9446222777007729,0.8390099328606069
tethercache+rule,0,17,0.8272784257099264,1.0,0.9588746915071376,0.9209378689722297,0.7360701109568278,0.580824290215969,0.9670559390509762,0.9592228872158051,0.9473542280495166,0.8650314471050471,0.9521559192288306,0.8403158260493719
tethercache+rule,0,18,0.8753440258441193,1.0,0.9722435473809659,0.9601378030402988,0.7340950500369072,0.7112327838937441,0.9839472564949614,0.9685289340373312,0.9770305822132737,0.9361485322984326,0.9644856770833333,0.9118105591345234
tethercache+rule,0,19,0.8636914403883579,0.7,0.9823903703841906,0.9668199448180353,0.7700811253686747,0.725156678756078,0.9687520411235402,0.9606348463650868,0.957453652407213,0.805026679730215,0.9533424951696908,0.8589328557503324
tethercache+rule,0,20,0.8010166633511328,0.31666666666666665,0.9840915204650608,0.9664200715146033,0.7168509010076521,0.5329711099465688,0.9811520159300807,0.9683270472853842,0.9736538575461473,0.8986532572938615,0.9638270224294355,0.9150049215605279
tethercache+rule,0,21,0.7897868342603259,1.0,0.928627712842727,0.8948613710029452,0.6890000703732172,0.6282465090354283,0.9153416909044331,0.9523025118819051,0.8856428667582492,0.5640351956381517,0.9446337628108199,0.7470763218002159
tethercache+rule,0,22,0.8635171456766302,0.9916666666666667,0.9789980270229753,0.968606470737582,0.7838342157204946,0.5598320871591568,0.9738316799166071,0.9646774064048282,0.9659912728494213,0.8177198559797111,0.9571855442498319,0.9063629282622778
tethercache+rule,0,23,0.8563005424460446,1.0,0.9897577775002822,0.9753157937604617,0.6270694275697072,0.5771552309393883,0.9892019065298105,0.9760164741487356,0.9888481126517378,0.9157293058243119,0.9785146405619959,0.9230664785669631
tethercache+rule,0,24,0.8052703876051399,1.0,0.9318295348265285,0.8883318805071263,0.7454221900006135,0.6289229482412338,0.9486221904938537,0.960570215267082,0.9132775976933459,0.8359123606140874,0.9513729628696236,0.8775887118668115
tethercache+rule,0,25,0.7621114064454991,1.0,0.9293611770590389,0.8875047453867844,0.6666682326893011,0.46392416805028913,0.9433224942341774,0.9458929750015524,0.9091885474180023,0.7823798954486847,0.9282166183635752,0.7900539243421635
tethercache+rule,0,26,0.8260221758665737,0.9666666666666667,0.944652294417255,0.9104178727530186,0.7440106843064228,0.6963188295563062,0.9461703964420057,0.9493985588721146,0.9132617476105851,0.7961008549988771,0.9324698499453966,0.8408149130204144
tethercache+rule,0,27,0.8033422002641877,0.0,0.9906236570542644,0.985528487150186,0.7865812523365021,0.5436405181884766,0.9927363715510952,0.9724080127444489,0.9933081005369464,0.9498434056754873,0.9691405593707998,0.9429257286696875
tethercache+rule,0,28,0.8621820127420139,1.0,0.9702203016856745,0.9400384677001854,0.6862809750735759,0.760046183069547,0.9662495290647496,0.9650849669450889,0.94681164041482,0.8526004194712439,0.9603650164860551,0.8780271328296982
tethercache+rule,0,29,0.8791073959207486,1.0,0.9867951700789528,0.9726589347178641,0.750344853579998,0.62722370972236,0.9840960379032246,0.9746954982351965,0.9838571239142649,0.839999168109493,0.974811512936828,0.9337042935756075
tethercache+rule,0,30,0.8268267236105232,0.9416666666666667,0.9893726457993647,0.9795273973486002,0.525356741497914,0.6034208297729492,0.9410065109582048,0.9460644125040822,0.9077000848388159,0.7566175102686682,0.9339087045320901,0.7148453488069422
tethercache+rule,0,31,0.8455296057404313,0.9333333333333333,0.9904944654693698,0.9797934201729842,0.6081988208691278,0.6015352333585421,0.9651951499014312,0.9548394826755126,0.9687373779073198,0.6719479240289256,0.9504082136256721,0.7323101234285772
context_forcing,0,0,0.8397818427004163,0.9833333333333333,0.9815346878516884,0.9603948795561696,0.6267356513341267,0.5904211749633154,0.9667109010024312,0.9633379605340655,0.975518577650029,0.6445385560768992,0.9621801232778897,0.8076090950424931
context_forcing,0,1,0.8000613997214885,0.20833333333333334,0.994235150550976,0.9890379551072527,0.6962232895990214,0.5324324280023575,0.9650930005368725,0.9625081036220914,0.9827849031456054,0.5774525778696817,0.9724283197874665,0.6137844672849199
context_forcing,0,2,0.8609213584938527,0.6166666666666667,0.9954612946600544,0.9913641020402408,0.6863349122802417,0.6801561718185742,0.9905565575068874,0.9723172776436572,0.9905469741151538,0.9324302943814703,0.9714688865087365,0.9192484694869578
context_forcing,0,3,0.7791050747969515,0.13333333333333333,0.9897633654533529,0.9754231851474912,0.5319947977513074,0.6456487824519476,0.9659464310913927,0.964992602590214,0.9738935416344032,0.6452064615901277,0.971826171875,0.7138895968429181
context_forcing,0,4,0.8210163433451747,0.016666666666666666,0.9946666728403063,0.9935282808775996,0.6490079505443572,0.7419435441493988,0.9918427441249491,0.9808384253516794,0.9911789644149042,0.9544024061755974,0.9869409048429101,0.9351553523740849
context_forcing,0,5,0.8667748355965667,0.7583333333333333,0.9895267802594536,0.9712038632545597,0.7810814719001452,0.6297448977828026,0.9863780241409079,0.9741752013510059,0.986713750307919,0.8567740418830839,0.9791513094338039,0.8709348004405238
context_forcing,0,6,0.7950177358348962,0.041666666666666664,0.9948521499086264,0.9934835784692392,0.6300426673690479,0.5800959746042887,0.9910461529299298,0.98064582690623,0.9948238271378701,0.8714849758548897,0.9894945370253697,0.9011258996334397
context_forcing,0,7,0.8618214760070072,0.875,0.9894248961591996,0.9818244636292551,0.7625709250569345,0.5457823172211647,0.9830822623333998,0.9649457686859079,0.9833245135683526,0.8258844235865008,0.9601441085979502,0.8773541182530027
context_forcing,0,8,0.8301818785740522,0.0,0.9964929759456088,0.996721475801242,0.7754789176781972,0.6572780335942904,0.995948515771231,0.985576555532939,0.9967808790424819,0.9856747193496769,0.9915843020203293,0.9664911367312199
context_forcing,0,9,0.8155258265941264,0.21666666666666667,0.9896862071871275,0.9809582498416402,0.7508986600836117,0.6076762770613034,0.9660636498809746,0.9644999348578719,0.9765946937744976,0.6245083598529592,0.9626548192834341,0.8410521347482666
context_forcing,0,10,0.8445240201242028,1.0,0.9869875205012115,0.9792565512345508,0.5866042640606562,0.5673636481165886,0.9774221069763117,0.9659574610923588,0.9733311784203333,0.8165809186566778,0.9614761188466062,0.8883256854630318
context_forcing,0,11,0.7758412490770505,0.16666666666666666,0.995418467201844,0.9936364377888979,0.48048891730109855,0.5543679545323054,0.9893905513432578,0.9715759991708186,0.9922905045811847,0.861984956915639,0.9795343870757729,0.7908702734388223
context_forcing,0,12,0.8558246600308249,1.0,0.9526299597093185,0.9265978062074948,0.7461984027624129,0.7279423102736473,0.9828516013538838,0.9710080885708818,0.978246066110429,0.8752059117585671,0.967378677860383,0.9342423416987187
context_forcing,0,13,0.8684075930782177,1.0,0.9806711344596526,0.9603093994832506,0.7385800280670325,0.7133743276198705,0.9506624013409355,0.9374358921723617,0.9465051820922281,0.6191427862944723,0.9165792485719085,0.7159783373109433
context_forcing,0,14,0.8237526387622527,0.5666666666666667,0.9907658134896735,0.9833796438555313,0.5796345238288244,0.6198461641867955,0.9858681006544722,0.967555329811231,0.98354408058428,0.8887428275677336,0.9709656418010753,0.7997880695747728
context_forcing,0,15,0.7735866597506476,0.016666666666666666,0.9875899170044621,0.9848951911614612,0.7173144635756811,0.451190775881211,0.9849809791513497,0.9585030086454519,0.9821740067934478,0.8815595182050177,0.9521401025915658,0.8186707005781286
context_forcing,0,16,0.8556649812739396,0.9083333333333333,0.9747965845279827,0.9532850831318526,0.7096137544910114,0.6694632172584534,0.9814567288047258,0.9661768219339737,0.9756607711235041,0.8711735025173476,0.9633597425235216,0.868842822914364
context_forcing,0,17,0.8671555795993507,1.0,0.9833633089177253,0.9633955263857747,0.7196376560727755,0.6202940260370572,0.9910367174054853,0.9662640310941818,0.9890769818937907,0.9621673273940047,0.9635303784442204,0.8688777427212531
context_forcing,0,18,0.8794124263543672,0.775,0.987859800197382,0.9834373293748868,0.748321266492208,0.696872848769029,0.9908011498842678,0.9793302149227417,0.9868070491940102,0.9822040570884192,0.9823754095262096,0.9472010110606667
context_forcing,0,19,0.8206138269823448,0.03333333333333333,0.9933957623846666,0.9863014768736034,0.7429050316015879,0.6916227251291275,0.9812608023500443,0.9673407886599354,0.9884050703577458,0.7546007507989386,0.972646011844758,0.7709852003750681
context_forcing,0,20,0.8146605027082175,0.14166666666666666,0.9939310873796041,0.9900881475171234,0.77756936109066,0.5449217098454634,0.9810167725218856,0.9728114922757594,0.9905544409187891,0.730623177745763,0.9805049116893482,0.8238762709773889
context_forcing,0,21,0.7838216010546599,1.0,0.9263185419347063,0.8800386910033382,0.7513172225157418,0.5417603112757206,0.9546580106343673,0.942889393915154,0.9446004789923468,0.6894083877070611,0.9232843214465727,0.7790014929130298
context_forcing,0,22,0.8312138895898082,0.4,0.9841433855861462,0.9822857354902754,0.7749901480873426,0.5801530743638674,0.9802023746962175,0.9738135251896057,0.9916522810055363,0.7135268349607452,0.9802334036878358,0.8537033726187313
context_forcing,0,23,0.7950356204728983,0.058333333333333334,0.9950827394237461,0.9908572416017257,0.6247541008889675,0.5962481945753098,0.9894307206840127,0.9725999230870512,0.9924124926889455,0.8615098262534422,0.9791937058971775,0.8368040250629938
context_forcing,0,24,0.8564544264595312,1.0,0.976408240688733,0.9408541852975981,0.7856171122193335,0.5954446410139401,0.9709508507259009,0.9644213093726542,0.9560966757516707,0.8539835657893109,0.9562013687626009,0.9126760583965718
context_forcing,0,25,0.8529028743539718,0.9916666666666667,0.9883433266337979,0.9761492635767444,0.6474657326738039,0.5768722653388977,0.9811190723220392,0.9568445192197624,0.9736341312848111,0.8976219551903861,0.9484701833417338,0.8257215283498043
context_forcing,0,26,0.8613588166576434,0.9666666666666667,0.9631467616759799,0.9294517959800419,0.7638351158897083,0.7496026719609896,0.9701881293304581,0.9594848017559091,0.9596381972954477,0.8110314754127455,0.9532428700436828,0.833370025167946
context_forcing,0,27,0.8193779812890429,0.0,0.9971906508856436,0.9985680162906647,0.7789764433503151,0.5803996662298838,0.9948331522410875,0.9834254819142243,0.9994694764735877,0.927033112580035,0.9910660282258064,0.9436935241482839
context_forcing,0,28,0.871611820045261,0.9083333333333333,0.9878964790833089,0.9773218518378689,0.6455109139382839,0.7200699359178543,0.9828070983563328,0.9704511152251619,0.9839678337577209,0.8175356510807487,0.9739060924899192,0.8497376935321743
context_forcing,0,29,0.8798899493708598,0.9583333333333334,0.9911904125867911,0.9826868729381,0.7332442726095517,0.6243576566378276,0.9893688904852266,0.9729093929119791,0.9911984302263747,0.8768274373367053,0.9776839717741936,0.8609115716789951
context_forcing,0,30,0.8771366729669354,0.9666666666666667,0.9900881664912224,0.9834035493443215,0.7154470397233962,0.6355571453770001,0.9801608384755357,0.9708176311168832,0.9761729152372448,0.8379323883216923,0.9752969721312165,0.8409619514180833
context_forcing,0,31,0.872628085289195,1.0,0.9894289507056607,0.963669954343559,0.7202320061226686,0.6537769049406051,0.9780134965066786,0.9627182194597736,0.9838050624696157,0.7372511616524529,0.9637889574932795,0.7668771048804292
context_forcing+rule,0,0,0.8388032884634955,1.0,0.9804810374158566,0.9537978592105939,0.598723463277022,0.6208117514848709,0.9720874505953321,0.9618913668196122,0.9697971593868988,0.7572829569337749,0.957928204280074,0.8349406779313288
context_forcing+rule,0,1,0.8457796533781402,0.8833333333333333,0.9905022256470919,0.9769548271060771,0.6211008408367633,0.6078736677765846,0.9711248204859558,0.960799609904804,0.9686983323065183,0.7489707353485733,0.9582058814264113,0.7882966833705661
context_forcing+rule,0,2,0.8570471666200462,0.55,0.9944993111109219,0.9899763563197422,0.6776475351353486,0.7033499677975973,0.9903017371649359,0.9730460430612176,0.9901044756734884,0.9315919487917123,0.9727520030031923,0.9211991359205807
context_forcing+rule,0,3,0.7815955699417076,0.03333333333333333,0.991362974510124,0.9817877465057997,0.6332978554169337,0.5777826073269049,0.977007007564876,0.9628806864453339,0.9855715760220123,0.711636192908808,0.9661699192498321,0.7395758151757617
context_forcing+rule,0,4,0.8147028902957885,0.016666666666666666,0.9944877841692678,0.9930019532777126,0.6125649339755377,0.7388161813219388,0.9920850643225146,0.9810471438743619,0.991897934659194,0.9512388738764435,0.9868351105720766,0.9400059673465601
context_forcing+rule,0,5,0.8846814827882986,0.9833333333333333,0.9885794896798568,0.9672798450476203,0.7754849868218104,0.6499199733138085,0.9867674888229716,0.9761644252091826,0.9873835127199849,0.8580579161643982,0.9822062830771169,0.8826680088243565
context_forcing+rule,0,6,0.8005626046532339,0.0,0.9959518318343482,0.9966766612494694,0.6693045295874278,0.5823579589525859,0.9922480768400254,0.9817958547501556,0.9981453633596821,0.8603900498201867,0.9913273637012769,0.9077008829898193
context_forcing+rule,0,7,0.8709612673802053,1.0,0.9895155262290398,0.9818941174223532,0.7635496609210968,0.5306398915747802,0.9874814273797502,0.9689492307824367,0.9865897684488246,0.892462712876937,0.9638876638104839,0.9282265267953151
context_forcing+rule,0,8,0.831992586607954,0.0,0.9969880127303177,0.9982270771888346,0.78106393857797,0.6530218546589216,0.996499542077639,0.9885568689110351,0.9977402118264987,0.9872182823028886,0.9927508610551075,0.9861957420821951
context_forcing+rule,0,9,0.8120093999237746,0.075,0.9904517854656775,0.9838559099428016,0.763137084623178,0.6173402691880862,0.9752379785844073,0.9681080887236372,0.981021674826581,0.7178066854967791,0.9685605941280241,0.8562706876702669
context_forcing+rule,0,10,0.8404799542920747,1.0,0.9876103052611119,0.9815008538610795,0.5494589142799378,0.5682973017295202,0.9776295725883647,0.9670589823405332,0.9710092597590979,0.8390548988049772,0.9592042328209005,0.936804170618538
context_forcing+rule,0,11,0.7891705159410591,0.09166666666666666,0.9957296697846547,0.9944334081555504,0.5894088286360105,0.5759647240241369,0.9863293113372115,0.9671387121215103,0.9933563767902314,0.798163326723235,0.9760066863029233,0.7156372948103592
context_forcing+rule,0,12,0.8675097651492621,1.0,0.9581584015379582,0.9397560406354517,0.7344184738794962,0.7508100777864456,0.9860692510881738,0.9759084683627055,0.9820927614406233,0.9244668391071448,0.9737847440986223,0.957057279698989
context_forcing+rule,0,13,0.844274896683086,1.0,0.9719024158515644,0.9436845424596001,0.7436847135424614,0.6441007512311141,0.9432184652046997,0.9307550714311301,0.9323648245103898,0.6152689371790204,0.9026558168472782,0.7249215588349254
context_forcing+rule,0,14,0.8461201859729154,0.75,0.9897319903948714,0.982834996990129,0.6338492455979188,0.6227066407601038,0.9851591621680894,0.9693966517319601,0.9813605775195424,0.9045740886896598,0.9725371986307124,0.8398761701684038
context_forcing+rule,0,15,0.7754649006058106,0.008333333333333333,0.9873696594053026,0.9844382319263383,0.7200200475851695,0.4604374441007773,0.9863294997922193,0.9620713222229011,0.9854901725806857,0.8697220946059507,0.9591853316112233,0.8209328591322699
context_forcing+rule,0,16,0.8501893103722011,0.9583333333333334,0.9670586524514022,0.9399358959758982,0.6867767086029052,0.6949844320615133,0.9809717602330698,0.9660645399638781,0.9748078707725772,0.8693436126248175,0.9612599362609207,0.8928424831198043
context_forcing+rule,0,17,0.8593376851087714,1.0,0.9777011884956381,0.9574385413157395,0.7298207708994547,0.5990904301404953,0.989858241917379,0.9641061928576474,0.9858746949543234,0.9743329674756828,0.955768084782426,0.9102077446564907
context_forcing+rule,0,18,0.9076754853198489,1.0,0.9913117492108652,0.987887208539676,0.7633611093759536,0.7236982439955075,0.9939358868810264,0.9806795447282826,0.9931668634776788,0.9812269964638878,0.9852566626764113,0.9459203391515908
context_forcing+rule,0,19,0.8276464276546057,0.0,0.9929948150355746,0.9864810070882436,0.7752069700161616,0.7190754269560178,0.9839203650191102,0.9676362782726121,0.9925902247829462,0.764450885793742,0.9733619607904906,0.7693543886186696
context_forcing+rule,0,20,0.8179426593326197,0.13333333333333333,0.9944912757925392,0.9921648680501514,0.7630267132719358,0.5720836599667867,0.9837976063512787,0.9743626896007686,0.9913044290997649,0.7724587481562831,0.9831484558761762,0.831528810142469
context_forcing+rule,0,21,0.8269012456296174,1.0,0.9510426108061932,0.9179175286199533,0.7629293022354445,0.6039561231931051,0.9621623215336399,0.9505859433911982,0.9496716339421529,0.760078069041757,0.9356983471942204,0.8302581906318665
context_forcing+rule,0,22,0.8299451907981932,0.35833333333333334,0.9854484254309437,0.9841502996636372,0.7681973476608595,0.5859046563506126,0.9818135543922928,0.9754634177199044,0.9911546071450557,0.7394869211090713,0.9812004499537971,0.8771077662455935
context_forcing+rule,0,23,0.8080970292628299,0.075,0.9951392248148963,0.9923168537234948,0.6506033869882425,0.6344992806514104,0.991839234250087,0.9766714908260575,0.9957313906842022,0.8843876739509967,0.9859724147345429,0.8534771612211436
context_forcing+rule,0,24,0.8468575667163208,1.0,0.9674996640994509,0.9329437745474521,0.7753777092794577,0.5944546182950338,0.9700636882622462,0.9657426221163132,0.9519090909550908,0.8892078559939601,0.9577176001764113,0.9256788917950222
context_forcing+rule,0,25,0.8436389324358395,1.0,0.9831969361181231,0.9677594005749895,0.6398557696541152,0.5678884645303091,0.9799756707764827,0.9522938889934882,0.9724234765736006,0.8766009013692871,0.9395753265709007,0.8219424107996356
context_forcing+rule,0,26,0.8791075506787082,1.0,0.9698128383554573,0.9480523381046221,0.7860917972922326,0.742025870581468,0.9759552287329236,0.9626017184099638,0.9670721352100372,0.8444489062834186,0.9591599987399194,0.8372624271056232
context_forcing+rule,0,27,0.8215954203530178,0.0,0.9970949719042116,0.9985313003291102,0.7837820297479628,0.5873858953515688,0.9960802225266562,0.984598368652377,0.9995099094526102,0.9563466137697717,0.9907139931955645,0.9594159041132245
context_forcing+rule,0,28,0.8417798760066131,0.30833333333333335,0.9930599186330663,0.9890787408710305,0.7072883175611496,0.717080627878507,0.9804608287865995,0.9709116313124558,0.9918849137681787,0.7152604230311739,0.9800551547799058,0.7680128311910549
context_forcing+rule,0,29,0.886176543246199,0.975,0.9903917361532992,0.9808119287794711,0.7390081159671148,0.659273411333561,0.9896076907082595,0.9724426390085031,0.991765957582061,0.875053791438832,0.9782835601478496,0.8444760985234204
context_forcing+rule,0,30,0.8719927911840675,0.8833333333333333,0.9916404529036581,0.9874000101580339,0.7033967842062315,0.6263936504721641,0.9844764364565034,0.9769358017927483,0.9807373497995638,0.8891587587965637,0.9842361286122312,0.8760434844914604
context_forcing+rule,0,31,0.8732371427918473,1.0,0.9896486183667288,0.9661140766330794,0.7282337084114552,0.6434234524766604,0.9778946280332386,0.962055790673523,0.9834149984182209,0.7386103238628692,0.9621303763440859,0.7700356065976519
context_forcing+sink_only,0,0,0.8409847583097024,0.9916666666666667,0.9816726281058408,0.9541772314458112,0.6326010001997153,0.6031713207562764,0.9675836862747678,0.9635698995199792,0.9721727169809803,0.6803098810727105,0.962623514154906,0.8080699671717251
context_forcing+sink_only,0,1,0.820813102617275,0.725,0.9910507511564617,0.9771870037153655,0.5760081441005072,0.574237585067749,0.9673644530215388,0.9589600688933504,0.9734402288993199,0.6693927819738869,0.9596925797001009,0.7149617154808605
context_forcing+sink_only,0,2,0.8682161390470668,0.75,0.993313255064312,0.98610184357252,0.6914913573364417,0.689838807284832,0.985656716499325,0.9673054998586214,0.9820441832785965,0.9103415237755335,0.9635612241683468,0.8943671639226064
context_forcing+sink_only,0,3,0.761338364717679,0.058333333333333334,0.9902136197036536,0.9763848270933612,0.5501643592119216,0.5422323527435462,0.9707933285279527,0.9631077019755786,0.9813819927714204,0.6585781215494421,0.9672216271841397,0.7271736589800409
context_forcing+sink_only,0,4,0.8159085686672363,0.016666666666666666,0.9943379197802178,0.9928745022591422,0.6243055766423543,0.735341456035773,0.9916107784474698,0.9817741367921639,0.9906122096123233,0.9557905575307477,0.9872301327284945,0.9474333113982898
context_forcing+sink_only,0,5,0.8790244698676785,0.9666666666666667,0.9872581629336058,0.9610168904416702,0.780204968114694,0.6428251226743062,0.9856220156953595,0.9737325673004449,0.9849714804560907,0.8594819662951622,0.9774559759324596,0.8806390506880624
context_forcing+sink_only,0,6,0.7988299213432131,0.016666666666666666,0.9953317153851392,0.9942544878931606,0.6637441649238269,0.5796779880921046,0.9911735947989049,0.9807356737531894,0.9953674328022747,0.8675652088738289,0.9897889496177754,0.899707013819398
context_forcing+sink_only,0,7,0.8677887461657876,0.9833333333333333,0.9876275281463412,0.9778448496379103,0.7704054646293322,0.5392175334195296,0.9833494116345017,0.9649009198705814,0.9840133773223046,0.8248137676415324,0.9575956611223119,0.9068823374119126
context_forcing+sink_only,0,8,0.8324344766667411,0.0,0.9968755135177066,0.9979359134077247,0.7845389812787374,0.649222745001316,0.9969671054313693,0.9913780137212773,0.9972278231654758,0.992654624606381,0.9920208674605175,0.9934313289758538
context_forcing+sink_only,0,9,0.8234580891906869,0.25,0.9896972946547447,0.9819812900568146,0.7548346255222956,0.6279893770813942,0.9739187461968398,0.9635000256375115,0.9769382652656365,0.7268029266044873,0.9554541146883401,0.8985551688350549
context_forcing+sink_only,0,10,0.8392678898010176,1.0,0.987244905145255,0.9801463611842761,0.5513171935180824,0.5637929101785024,0.9768427730660558,0.9674995823847024,0.9707118780382217,0.8268102510135715,0.9608535602528562,0.92963896028134
context_forcing+sink_only,0,11,0.8067855228733437,0.36666666666666664,0.9955537649927612,0.9931127833346136,0.5915818688968817,0.5595209464430809,0.9838717133929935,0.9658926183113213,0.9891689787068034,0.7914381551892817,0.9726872269825269,0.7288569978305272
context_forcing+sink_only,0,12,0.8655508226672103,1.0,0.9565359992654915,0.9397901438108458,0.7284962679545085,0.7504236514369647,0.9861163968460152,0.9751655323304548,0.9821481577891816,0.9251274879740066,0.972764406922043,0.9546202175757464
context_forcing+sink_only,0,13,0.8517425849432783,1.0,0.974126524536208,0.9477639518687929,0.7426703679859639,0.6781204104423523,0.9427685822699438,0.9288549786681183,0.931392064674567,0.6156472141752724,0.8998300860005041,0.7093289337989663
context_forcing+sink_only,0,14,0.8442983798694066,0.8666666666666667,0.9892188757604032,0.9808872700711481,0.5794206480781238,0.6168981989224752,0.985266265598792,0.9671449398359866,0.9817189892133076,0.901906778582004,0.9695040138818884,0.8160399579200424
context_forcing+sink_only,0,15,0.7688504544905009,0.0,0.9853324057035192,0.9815595280890373,0.726524804085493,0.4418529227375984,0.984741839336442,0.9545877375741877,0.9826348813551088,0.8660712419938641,0.9449365759408601,0.8018299741905277
context_forcing+sink_only,0,16,0.8502752037248714,0.9833333333333333,0.9674935270725098,0.9398749415079753,0.6915642928779124,0.6773124501109123,0.9807598176574598,0.9659637483415994,0.9750914886273364,0.8612725201274166,0.9617686281922043,0.8833174610338291
context_forcing+sink_only,0,17,0.8565450532790815,1.0,0.975705679561154,0.9553757711952808,0.7277858064969381,0.5985410471757253,0.988310391210778,0.9631131468341418,0.9832898810105298,0.9704709892012492,0.9549689836399529,0.8961189246478201
context_forcing+sink_only,0,18,0.9043000059987616,1.0,0.9904492970943051,0.985871994768093,0.7607954272528489,0.7155566141009331,0.9931192713233903,0.9792897268789227,0.9913896436092033,0.9827842832613392,0.9818810247605846,0.9500750643866402
context_forcing+sink_only,0,19,0.8310536789942919,0.0,0.9930886402466896,0.9852268226551855,0.771076569656531,0.7532993733882904,0.981632541084765,0.9660075773705398,0.9890048701916972,0.7560761031232962,0.9676796533728159,0.8040031102024207
context_forcing+sink_only,0,20,0.8305958753431445,0.2916666666666667,0.9939936984341976,0.9901109000397663,0.7676794261932373,0.5847429603338241,0.9804836526182183,0.9720706649334957,0.9884598987076871,0.7397983653956101,0.9784610871345765,0.8327986390149894
context_forcing+sink_only,0,21,0.8194357553137804,1.0,0.9484098095114855,0.9146787067799788,0.7570423989693323,0.5836120178302129,0.9600510069801413,0.9490698895674431,0.9477046637044798,0.7388163712345251,0.933093524235551,0.8225613306550419
context_forcing+sink_only,0,22,0.8408069754886746,0.5666666666666667,0.9829193000467416,0.9809447705044466,0.7753797161777816,0.5687796259919803,0.9791151308519257,0.9731456797332797,0.9901664790927723,0.7092053028715759,0.9780162524151544,0.8622067823630422
context_forcing+sink_only,0,23,0.8125136108686507,0.31666666666666665,0.9941364556656663,0.9879245425205604,0.6118865305085976,0.6022135878602664,0.9887466344008757,0.9750378418686009,0.9898062008202717,0.8797408930894708,0.9813979938466061,0.8659235008624422
context_forcing+sink_only,0,24,0.843497176273178,1.0,0.9686296532840345,0.92697724052504,0.7775399426321188,0.5908473670482636,0.966970464219749,0.9623781814985931,0.9468367542390541,0.8689845447279826,0.9522491783224126,0.9109958510438935
context_forcing+sink_only,0,25,0.8488962478701135,0.9916666666666667,0.9846429516201958,0.9707521788746704,0.6642893443008263,0.5684770899514358,0.9771323972774947,0.9549622657437201,0.9661811850404226,0.8868142551734668,0.9434998871177755,0.8421139241266651
context_forcing+sink_only,0,26,0.8748142710093325,1.0,0.9675676371810001,0.9390012985740611,0.7788295041124026,0.7611395433545113,0.9715832996762596,0.9607415601768814,0.9635560426420423,0.8010022459911699,0.9566561791204637,0.8173898691389742
context_forcing+sink_only,0,27,0.8208945861799852,0.0,0.997090165952161,0.9984838807612074,0.7819974644978841,0.5840339024861654,0.9959647424546635,0.9852340666382697,0.9994975459110994,0.953395485627551,0.9921988538516466,0.9582984224587929
context_forcing+sink_only,0,28,0.8672916840566995,0.9,0.9839123312332412,0.9678740383908639,0.6745312143961589,0.7330132390062014,0.9673451392001532,0.9640896156163424,0.9666557162279084,0.7089948726802313,0.9629391906081989,0.82610942160382
context_forcing+sink_only,0,29,0.8837367572951885,0.9833333333333333,0.9907286840917144,0.9815075898560044,0.7435813107689222,0.6323234116037687,0.9886471262627514,0.9727705702770858,0.9893036268411144,0.8851616512827513,0.9762636902511761,0.8718521196802124
context_forcing+sink_only,0,30,0.8734659585762822,0.9416666666666667,0.9919499587793629,0.9870833312958673,0.6967130964100361,0.6250002170602481,0.9787321916089138,0.973248030498127,0.9710101025078887,0.8615706532943148,0.9758813345304099,0.8906949938846236
context_forcing+sink_only,0,31,0.8673846770426008,1.0,0.9888594619219364,0.9598648022047055,0.7137171080708504,0.6442671706279118,0.977245641349478,0.9590702079309656,0.9804102260018549,0.7542364489631492,0.955950927734375,0.7736739921970528
context_forcing+memory_only,0,0,0.8525673462975493,1.0,0.9838196683884485,0.9631613983671649,0.6099711119830609,0.6464551314711571,0.9775144083415496,0.968912103576881,0.9810449240589013,0.7532387206784817,0.9714288526965724,0.8417231943927893
context_forcing+memory_only,0,1,0.7991968556147143,0.11666666666666667,0.9949556266824305,0.9924077700711542,0.7233037619789442,0.5257588642338912,0.9680629269560252,0.9660280764559798,0.9876037214391975,0.5854638149891394,0.9796510757938507,0.6106529418660813
context_forcing+memory_only,0,2,0.8310203982163624,0.15833333333333333,0.9953921675806927,0.9924720407662048,0.6866307208438714,0.7056701903541883,0.9919280761550072,0.9757458347306468,0.9936105020905053,0.9278623759746552,0.9787883143271169,0.9134544069025697
context_forcing+memory_only,0,3,0.7786555219679787,0.15,0.9916347451437915,0.9816790660611944,0.5979331533114115,0.5392501515646776,0.9699438567531019,0.9658989189393448,0.9843908050848592,0.6242144497095787,0.9742198656964045,0.7026989381102955
context_forcing+memory_only,0,4,0.8135036347752886,0.008333333333333333,0.9945111115602684,0.99309386034417,0.6212813038627307,0.7320967440803846,0.9914157233140112,0.9772295232374214,0.9924628480467745,0.9299506995858264,0.9842938166792675,0.8834312690907166
context_forcing+memory_only,0,5,0.8533024101912331,0.5166666666666667,0.990643575348735,0.9759278104118272,0.7829610130786896,0.6423141499360402,0.9873396172591474,0.9749971570825381,0.9901471348138907,0.8417420359719702,0.9818662581905241,0.8608491798909772
context_forcing+memory_only,0,6,0.7978650089067405,0.016666666666666666,0.995784162050348,0.9956566779442082,0.642604391147693,0.5879717911283175,0.9920612538217995,0.9808831549609103,0.9968300306668846,0.8719582980921289,0.9899263115339382,0.9017293420659394
context_forcing+memory_only,0,7,0.8417105318704761,0.575,0.991103867766131,0.9859107052189073,0.7600004355708757,0.5437272955973943,0.9853370745370975,0.968254731118878,0.9899393959711956,0.8110077855717234,0.9667202857232863,0.877842855553667
context_forcing+memory_only,0,8,0.8362991551918075,0.0,0.9972378938545681,0.9987299745184145,0.7862562045852343,0.6651253630717595,0.9979895417032111,0.993532839010354,0.9979257964238685,0.9956584635401974,0.9928580335391465,0.9958932828001615
context_forcing+memory_only,0,9,0.7976742364336016,0.008333333333333333,0.9918977720434758,0.9866054247952754,0.7588052874803544,0.5580639891326428,0.9720753433799275,0.9644816427601187,0.982830400572669,0.6697492941337473,0.9633462885374665,0.8320213283310417
context_forcing+memory_only,0,10,0.8404010887269896,1.0,0.9872942117318719,0.9800897579489191,0.554498823662599,0.5634559278686841,0.9782807628194855,0.9695824972865068,0.9730609823619165,0.8307369241193563,0.966110327935988,0.9178573070954876
context_forcing+memory_only,0,11,0.7780742582662759,0.0,0.9947677637906198,0.994027811596596,0.5695759604076545,0.5671237856149673,0.989657272102657,0.9692638408779377,0.9943325454749729,0.845718942019118,0.9800533827914987,0.7188221509216213
context_forcing+memory_only,0,12,0.8729244508787767,1.0,0.960991167747481,0.9447548526876112,0.7511424450278282,0.7469077025850613,0.9871284553538558,0.9743802159363703,0.9846686051096968,0.9163425689985772,0.9723731256300403,0.9479184225827706
context_forcing+memory_only,0,13,0.8601473968226304,0.9916666666666667,0.9788307280392273,0.9575864856850868,0.7352197918494542,0.6813778614004453,0.948717993990131,0.9387418207995277,0.9447826478830589,0.6065287179305774,0.919001950499832,0.7189378060963976
context_forcing+memory_only,0,14,0.8115988876016046,0.275,0.9924549977658516,0.987501324586619,0.6267668740550677,0.6184266701340675,0.9876069972213739,0.9691586106184834,0.9867677574356397,0.8940970046179635,0.9741158434139784,0.8009859032991553
context_forcing+memory_only,0,15,0.7795584510618128,0.0,0.9899555867056135,0.9885462784221749,0.7107069764534633,0.4749729091922442,0.9876867566448707,0.9650324977126007,0.9874114492727863,0.884654024068047,0.9645091067078293,0.8312702880186194
context_forcing+memory_only,0,16,0.8544481858262025,0.625,0.9838870828528987,0.9730848151016858,0.7270794412990411,0.686359977722168,0.9871180245813915,0.972208418273124,0.9856464179853598,0.8973006365679893,0.973937528876848,0.8890503354433203
context_forcing+memory_only,0,17,0.866271264551399,0.9916666666666667,0.9841772129488519,0.9628757081312291,0.7201039842069149,0.6135313719511032,0.9915270733319684,0.9682954678759176,0.990063745856926,0.961993138830201,0.9671807401923724,0.8734061572732044
context_forcing+memory_only,0,18,0.8804602536256666,0.7666666666666667,0.9886685447514861,0.9844624914959366,0.7453590703805287,0.6992713178197543,0.992846567452374,0.9819930296145389,0.9905419464152987,0.9860536453603697,0.9864280126428092,0.954575138432639
context_forcing+memory_only,0,19,0.8234230353383638,0.0,0.9943955421703047,0.9899060883962251,0.7639666066765787,0.6875686158736547,0.9822588566552309,0.9699968233569396,0.9924525208450774,0.735852641843948,0.980062505250336,0.7462900828163163
context_forcing+memory_only,0,20,0.8162460451739643,0.058333333333333334,0.9948491132780496,0.9928985065825625,0.7773003138701121,0.5797837073604266,0.9815215838244644,0.9772852889643178,0.9936059922140131,0.7177023629681403,0.989753181703629,0.8170761801615483
context_forcing+memory_only,0,21,0.8111377709894103,1.0,0.9418796163822172,0.9050084689707538,0.7537325064937274,0.5739176293214162,0.9650870564290356,0.950293914936118,0.9594434106942786,0.7257465542364521,0.9363151304183468,0.8025903353671066
context_forcing+memory_only,0,22,0.8238875402083032,0.2833333333333333,0.9857054441845515,0.984821432244544,0.7706577082475027,0.5787860905130704,0.9810067377669689,0.9762287180378936,0.9929375147627246,0.7154995786542652,0.9843161306073589,0.8609715016449199
context_forcing+memory_only,0,23,0.802493637527276,0.016666666666666666,0.9953918204221163,0.9929803707513934,0.642290150274833,0.6338251908620198,0.991896025555744,0.9759396304914044,0.9951425392541193,0.8986384570598602,0.9853709887432796,0.8432295264817086
context_forcing+memory_only,0,24,0.8563673793780547,1.0,0.975877694034493,0.9419712447029313,0.7777887291411559,0.6013594284653664,0.9704200095199603,0.9649945388085228,0.9557586659987768,0.8465971896628371,0.9580298639112904,0.903406974898667
context_forcing+memory_only,0,25,0.8544661150161181,0.95,0.9885598638777017,0.9772801486573187,0.6443628593683244,0.601428238550822,0.9831508283898763,0.9593318776589193,0.9787314284713037,0.8774364415337058,0.9544596354166667,0.8010475883463851
context_forcing+memory_only,0,26,0.8710760794960605,0.9083333333333333,0.970493638192568,0.9473046824900934,0.7693114492098491,0.7518962144851684,0.9763154326106043,0.9624527343938568,0.9667052107312346,0.8554022387296212,0.9590065576696908,0.835486144077878
context_forcing+memory_only,0,27,0.8206526499844023,0.0,0.9972418376737566,0.9987192239782778,0.7817497979601223,0.5825020715594291,0.9951739102136552,0.9852178092029843,0.9995573574336626,0.9352312052951139,0.9930399576822917,0.9537250529818174
context_forcing+memory_only,0,28,0.8495134289486532,0.5333333333333333,0.9919586568193205,0.9858391335197524,0.6942792109847069,0.6831717948118846,0.9773150851136847,0.9715670595277461,0.9874967325598962,0.70250544916181,0.9809884020077284,0.7729093788050804
context_forcing+memory_only,0,29,0.8804484028179098,0.9083333333333333,0.991573662949681,0.9837105400538912,0.7456001187562943,0.6391125510136286,0.9898844095689548,0.9705751547384678,0.992546217472002,0.8705801337706942,0.9757909631216397,0.8282938321598438
context_forcing+memory_only,0,30,0.8665738667747718,0.8833333333333333,0.9890547884531009,0.980914683112132,0.720185973326365,0.6191597625613212,0.9780257148477359,0.9689171793491909,0.9770795719678044,0.7951103949747166,0.9751593476982526,0.7812161868860742
context_forcing+memory_only,0,31,0.8690837200345497,0.8833333333333333,0.9906537383506421,0.9733561522508759,0.743496374408404,0.6368142555157343,0.9757096388258167,0.9637229087405428,0.98463585432018,0.6999892423383328,0.9684017058341734,0.7279865566421958
