label,seed,dimension,shard,videos,overall
sgf,0,subject_consistency,0,11,0.9847601263503937
sgf,0,subject_consistency,1,11,0.9835162340859938
sgf,0,subject_consistency,2,10,0.9839553237175354
sgf,0,subject_consistency,3,10,0.9800190416083765
sgf,0,subject_consistency,4,10,0.9814448066675093
sgf,0,subject_consistency,5,10,0.9816397858960071
sgf,0,subject_consistency,6,10,0.982578487671598
sgf,0,background_consistency,0,10,0.9663292760389187
sgf,0,background_consistency,1,10,0.9655682467920881
sgf,0,background_consistency,2,10,0.9665121987660927
sgf,0,background_consistency,3,10,0.9699134033729642
sgf,0,background_consistency,4,10,0.9647218570514303
sgf,0,background_consistency,5,9,0.9663381721327289
sgf,0,background_consistency,6,9,0.9671206453460154
sgf,0,background_consistency,7,9,0.9701953148272268
sgf,0,background_consistency,8,9,0.9653256091419762
sgf,0,temporal_flickering,0,10,0.9897079735051572
sgf,0,temporal_flickering,1,8,0.9884898384392651
sgf,0,temporal_flickering,2,10,0.9883469465230805
sgf,0,temporal_flickering,3,6,0.9908818648064059
sgf,0,temporal_flickering,4,9,0.9901643376958135
sgf,0,temporal_flickering,5,9,0.990506542300347
sgf,0,temporal_flickering,6,8,0.9897042227083561
sgf,0,temporal_flickering,7,9,0.9883905476838155
sgf,0,motion_smoothness,0,11,0.9886814427835307
sgf,0,motion_smoothness,1,11,0.984927797689481
sgf,0,motion_smoothness,2,10,0.9857550393629078
sgf,0,motion_smoothness,3,10,0.9855300162089407
sgf,0,motion_smoothness,4,10,0.9860384188019637
sgf,0,motion_smoothness,5,10,0.9865922344451196
sgf,0,motion_smoothness,6,10,0.9865018488950513
sgf,0,aesthetic_quality,0,11,0.6844835028503881
sgf,0,aesthetic_quality,1,11,0.676443386258501
sgf,0,aesthetic_quality,2,11,0.6452439287395189
sgf,0,aesthetic_quality,3,10,0.6924720873435338
sgf,0,aesthetic_quality,4,10,0.6822243094444275
sgf,0,aesthetic_quality,5,10,0.664733383556207
sgf,0,aesthetic_quality,6,10,0.6828972667455673
sgf,0,aesthetic_quality,7,10,0.6514402081569036
sgf,0,aesthetic_quality,8,10,0.6555895298719406
sgf,0,imaging_quality,0,11,0.7498008265748166
sgf,0,imaging_quality,1,11,0.7053341226866752
sgf,0,imaging_quality,2,11,0.7252223513487616
sgf,0,imaging_quality,3,10,0.6955143277049065
sgf,0,imaging_quality,4,10,0.7008790350715318
sgf,0,imaging_quality,5,10,0.690824719039599
sgf,0,imaging_quality,6,10,0.7354033082167308
sgf,0,imaging_quality,7,10,0.718761032195886
sgf,0,imaging_quality,8,10,0.7390589261094729
sgf,0,dynamic_degree,0,11,0.5575757575757576
sgf,0,dynamic_degree,1,11,0.6363636363636364
sgf,0,dynamic_degree,2,10,0.69
sgf,0,dynamic_degree,3,10,0.6933333333333334
sgf,0,dynamic_degree,4,10,0.7133333333333334
sgf,0,dynamic_degree,5,10,0.7566666666666667
sgf,0,dynamic_degree,6,10,0.69
sgf,0,object_class,0,10,0.9254166666666667
sgf,0,object_class,1,10,0.97875
sgf,0,object_class,2,10,0.80875
sgf,0,object_class,3,10,0.6083333333333333
sgf,0,object_class,4,10,0.7579166666666667
sgf,0,object_class,5,10,0.9010416666666666
sgf,0,object_class,6,10,0.914375
sgf,0,object_class,7,9,0.9997685185185186
sgf,0,multiple_objects,0,11,0.8761363636363636
sgf,0,multiple_objects,1,11,0.6761363636363636
sgf,0,multiple_objects,2,10,0.7483333333333333
sgf,0,multiple_objects,3,10,0.6085416666666666
sgf,0,multiple_objects,4,10,0.6729166666666667
sgf,0,multiple_objects,5,10,0.9347916666666667
sgf,0,multiple_objects,6,10,0.53375
sgf,0,multiple_objects,7,10,0.63625
sgf,0,human_action,0,10,1.0
sgf,0,human_action,1,10,0.9166666666666666
sgf,0,human_action,2,10,0.9
sgf,0,human_action,3,10,0.8166666666666667
sgf,0,human_action,4,10,0.9
sgf,0,human_action,5,10,1.0
sgf,0,human_action,6,10,0.9
sgf,0,human_action,7,10,0.9833333333333333
sgf,0,human_action,8,10,0.85
sgf,0,human_action,9,10,0.9666666666666667
sgf,0,color,0,11,0.8586301155888785
sgf,0,color,1,11,0.9734104437229436
sgf,0,color,2,10,0.96797847985348
sgf,0,color,3,11,0.860990632930288
sgf,0,color,4,11,0.8840350047303691
sgf,0,color,5,10,0.8458519249207168
sgf,0,color,6,10,0.8048771995200567
sgf,0,color,7,10,0.9613751844220594
sgf,0,spatial_relationship,0,11,0.81547784276075
sgf,0,spatial_relationship,1,11,0.7819289121941252
sgf,0,spatial_relationship,2,11,0.7542019247395422
sgf,0,spatial_relationship,3,11,0.632106866033664
sgf,0,spatial_relationship,4,10,0.7633833714979483
sgf,0,spatial_relationship,5,10,0.7470921366174718
sgf,0,spatial_relationship,6,10,0.8306811925687053
sgf,0,spatial_relationship,7,10,0.7852748598103657
sgf,0,scene,0,10,0.48770833333333335
sgf,0,scene,1,10,0.3252083333333333
sgf,0,scene,2,10,0.6329166666666667
sgf,0,scene,3,10,0.5054166666666666
sgf,0,scene,4,10,0.62
sgf,0,scene,5,9,0.5828703703703704
sgf,0,scene,6,9,0.29560185185185184
sgf,0,scene,7,9,0.3659722222222222
sgf,0,scene,8,9,0.49421296296296297
sgf,0,appearance_style,0,10,0.18716971028645837
sgf,0,appearance_style,1,10,0.20449693585824275
sgf,0,appearance_style,2,10,0.19345312146173
sgf,0,appearance_style,3,10,0.18810900065104166
sgf,0,appearance_style,4,10,0.21412022298177102
sgf,0,appearance_style,5,10,0.22050708007812503
sgf,0,appearance_style,6,10,0.22610649414062475
sgf,0,appearance_style,7,10,0.2002801269531249
sgf,0,appearance_style,8,10,0.21958974609375004
sgf,0,temporal_style,0,10,0.2359433237463236
sgf,0,temporal_style,1,10,0.21950365578134853
sgf,0,temporal_style,2,10,0.215193456163009
sgf,0,temporal_style,3,10,0.21137592618664106
sgf,0,temporal_style,4,10,0.21311577496429285
sgf,0,temporal_style,5,10,0.22413285945852598
sgf,0,temporal_style,6,10,0.207988453656435
sgf,0,temporal_style,7,10,0.22809661775827408
sgf,0,temporal_style,8,10,0.22915617153048515
sgf,0,temporal_style,9,10,0.22084418932596842
sgf,0,overall_consistency,0,11,0.2575040626706499
sgf,0,overall_consistency,1,11,0.2391486671386343
sgf,0,overall_consistency,2,11,0.2582135261459784
sgf,0,overall_consistency,3,10,0.26055546253919604
sgf,0,overall_consistency,4,10,0.2527360868950685
sgf,0,overall_consistency,5,10,0.2325451798737049
sgf,0,overall_consistency,6,10,0.2414096196492513
sgf,0,overall_consistency,7,10,0.26590656985839206
sgf,0,overall_consistency,8,10,0.22666105379660925
sgf+rule,0,subject_consistency,0,11,0.9872921944281714
sgf+rule,0,subject_consistency,1,11,0.986546624693523
sgf+rule,0,subject_consistency,2,10,0.9835166904608511
sgf+rule,0,subject_consistency,3,10,0.9849290741237864
sgf+rule,0,subject_consistency,4,10,0.9833349646445866
sgf+rule,0,subject_consistency,5,10,0.9826410343522328
sgf+rule,0,subject_consistency,6,10,0.9810427193637179
sgf+rule,0,background_consistency,0,10,0.9733606318200773
sgf+rule,0,background_consistency,1,10,0.9703200536627399
sgf+rule,0,background_consistency,2,10,0.9707801434686871
sgf+rule,0,background_consistency,3,10,0.972607871332759
sgf+rule,0,background_consistency,4,10,0.9706551542608967
sgf+rule,0,background_consistency,5,9,0.9688182201087245
sgf+rule,0,background_consistency,6,9,0.9692244216086606
sgf+rule,0,background_consistency,7,9,0.97347321370312
sgf+rule,0,background_consistency,8,9,0.9679677763852705
sgf+rule,0,temporal_flickering,0,9,0.9868254146466846
sgf+rule,0,temporal_flickering,1,7,0.9854607251356073
sgf+rule,0,temporal_flickering,2,5,0.9898765764890932
sgf+rule,0,temporal_flickering,3,7,0.9887739349930895
sgf+rule,0,temporal_flickering,4,8,0.9896029668627611
sgf+rule,0,temporal_flickering,5,8,0.9885723523883259
sgf+rule,0,temporal_flickering,6,7,0.9879322737338495
sgf+rule,0,temporal_flickering,7,9,0.9865305422870855
sgf+rule,0,motion_smoothness,0,11,0.9867985460667879
sgf+rule,0,motion_smoothness,1,11,0.9828350772432829
sgf+rule,0,motion_smoothness,2,10,0.9824290225020889
sgf+rule,0,motion_smoothness,3,10,0.9827352247961303
sgf+rule,0,motion_smoothness,4,10,0.9837844444604459
sgf+rule,0,motion_smoothness,5,10,0.9840563869176886
sgf+rule,0,motion_smoothness,6,10,0.9832868454116268
sgf+rule,0,aesthetic_quality,0,11,0.7003368392135157
sgf+rule,0,aesthetic_quality,1,11,0.6787301220677115
sgf+rule,0,aesthetic_quality,2,11,0.6615687915773103
sgf+rule,0,aesthetic_quality,3,10,0.7114822864532471
sgf+rule,0,aesthetic_quality,4,10,0.6880531638860703
sgf+rule,0,aesthetic_quality,5,10,0.6613894164562225
sgf+rule,0,aesthetic_quality,6,10,0.6799981186787287
sgf+rule,0,aesthetic_quality,7,10,0.6601813306411107
sgf+rule,0,aesthetic_quality,8,10,0.6335744187235832
sgf+rule,0,imaging_quality,0,11,0.7472046833905306
sgf+rule,0,imaging_quality,1,11,0.7033185432390731
sgf+rule,0,imaging_quality,2,11,0.7274198359612261
sgf+rule,0,imaging_quality,3,10,0.6972580310185751
sgf+rule,0,imaging_quality,4,10,0.7035345892429352
sgf+rule,0,imaging_quality,5,10,0.7097167531808217
sgf+rule,0,imaging_quality,6,10,0.7411716873685518
sgf+rule,0,imaging_quality,7,10,0.7293342020829522
sgf+rule,0,imaging_quality,8,10,0.7487391567548114
sgf+rule,0,dynamic_degree,0,11,0.8090909090909091
sgf+rule,0,dynamic_degree,1,11,0.7727272727272727
sgf+rule,0,dynamic_degree,2,10,0.9
sgf+rule,0,dynamic_degree,3,10,0.7866666666666666
sgf+rule,0,dynamic_degree,4,10,0.6966666666666667
sgf+rule,0,dynamic_degree,5,10,0.8366666666666667
sgf+rule,0,dynamic_degree,6,10,0.93
sgf+rule,0,object_class,0,10,0.9122916666666666
sgf+rule,0,object_class,1,10,0.959375
sgf+rule,0,object_class,2,10,0.7339583333333334
sgf+rule,0,object_class,3,10,0.6227083333333333
sgf+rule,0,object_class,4,10,0.8225
sgf+rule,0,object_class,5,10,0.8672916666666667
sgf+rule,0,object_class,6,10,0.943125
sgf+rule,0,object_class,7,9,0.99375
sgf+rule,0,multiple_objects,0,11,0.9367424242424243
sgf+rule,0,multiple_objects,1,11,0.6462121212121212
sgf+rule,0,multiple_objects,2,10,0.7364583333333333
sgf+rule,0,multiple_objects,3,10,0.6995833333333333
sgf+rule,0,multiple_objects,4,10,0.8302083333333333
sgf+rule,0,multiple_objects,5,10,0.89
sgf+rule,0,multiple_objects,6,10,0.706875
sgf+rule,0,multiple_objects,7,10,0.7102083333333333
sgf+rule,0,human_action,0,10,0.9
sgf+rule,0,human_action,1,10,0.9
sgf+rule,0,human_action,2,10,0.8833333333333333
sgf+rule,0,human_action,3,10,0.9
sgf+rule,0,human_action,4,10,0.95
sgf+rule,0,human_action,5,10,1.0
sgf+rule,0,human_action,6,10,0.9
sgf+rule,0,human_action,7,10,0.85
sgf+rule,0,human_action,8,10,0.9
sgf+rule,0,human_action,9,10,1.0
sgf+rule,0,color,0,11,0.9369454554769241
sgf+rule,0,color,1,11,0.9044282443146079
sgf+rule,0,color,2,10,0.9708733585009096
sgf+rule,0,color,3,11,0.7893257783882783
sgf+rule,0,color,4,11,0.9331113468489707
sgf+rule,0,color,5,10,0.9462752826883262
sgf+rule,0,color,6,10,0.6926118454043986
sgf+rule,0,color,7,10,0.939405160057334
sgf+rule,0,spatial_relationship,0,11,0.7148256323420468
sgf+rule,0,spatial_relationship,1,11,0.7068677355670013
sgf+rule,0,spatial_relationship,2,11,0.7814405621488139
sgf+rule,0,spatial_relationship,3,11,0.6684833985870863
sgf+rule,0,spatial_relationship,4,10,0.8670776418192048
sgf+rule,0,spatial_relationship,5,10,0.7196944982913471
sgf+rule,0,spatial_relationship,6,10,0.7608298565822209
sgf+rule,0,spatial_relationship,7,10,0.8574774681419425
sgf+rule,0,scene,0,10,0.47270833333333334
sgf+rule,0,scene,1,10,0.38333333333333336
sgf+rule,0,scene,2,10,0.600625
sgf+rule,0,scene,3,10,0.5435416666666667
sgf+rule,0,scene,4,10,0.673125
sgf+rule,0,scene,5,9,0.6796296296296296
sgf+rule,0,scene,6,9,0.3349537037037037
sgf+rule,0,scene,7,9,0.2798611111111111
sgf+rule,0,scene,8,9,0.6127314814814815
sgf+rule,0,appearance_style,0,10,0.1844090250651042
sgf+rule,0,appearance_style,1,10,0.19938838350600074
sgf+rule,0,appearance_style,2,10,0.19452480327219207
sgf+rule,0,appearance_style,3,10,0.19184070638020823
sgf+rule,0,appearance_style,4,10,0.21773395182291666
sgf+rule,0,appearance_style,5,10,0.22497333984374976
sgf+rule,0,appearance_style,6,10,0.23036888020833335
sgf+rule,0,appearance_style,7,10,0.20349479166666648
sgf+rule,0,appearance_style,8,10,0.22107018229166678
sgf+rule,0,temporal_style,0,10,0.23104766756296158
sgf+rule,0,temporal_style,1,10,0.2237642432252566
sgf+rule,0,temporal_style,2,10,0.21662783349553744
sgf+rule,0,temporal_style,3,10,0.2138028768201669
sgf+rule,0,temporal_style,4,10,0.22077123895287515
sgf+rule,0,temporal_style,5,10,0.22356456940372785
sgf+rule,0,temporal_style,6,10,0.21291602949301403
sgf+rule,0,temporal_style,7,10,0.22493383747835954
sgf+rule,0,temporal_style,8,10,0.24156372075279553
sgf+rule,0,temporal_style,9,10,0.224398206671079
sgf+rule,0,overall_consistency,0,11,0.2536383919192083
sgf+rule,0,overall_consistency,1,11,0.23623761929797404
sgf+rule,0,overall_consistency,2,11,0.25126687775958667
sgf+rule,0,overall_consistency,3,10,0.25318102998038133
sgf+rule,0,overall_consistency,4,10,0.24097156127293903
sgf+rule,0,overall_consistency,5,10,0.23511530980467796
sgf+rule,0,overall_consistency,6,10,0.2397404136757056
sgf+rule,0,overall_consistency,7,10,0.2666137136518955
sgf+rule,0,overall_consistency,8,10,0.21551283498605092
rf,0,subject_consistency,0,11,0.966650811876664
rf,0,subject_consistency,1,11,0.9728263155749904
rf,0,subject_consistency,2,10,0.9620689547862632
rf,0,subject_consistency,3,10,0.9675667840511464
rf,0,subject_consistency,4,10,0.971479354304819
rf,0,subject_consistency,5,10,0.9635564400143389
rf,0,subject_consistency,6,10,0.9662574730173151
rf,0,background_consistency,0,10,0.9612349520009014
rf,0,background_consistency,1,10,0.9544966893744247
rf,0,background_consistency,2,10,0.9611613157411297
rf,0,background_consistency,3,10,0.9626669742016741
rf,0,background_consistency,4,10,0.9589957806186198
rf,0,background_consistency,5,9,0.9606683237746914
rf,0,background_consistency,6,9,0.9550738809918865
rf,0,background_consistency,7,9,0.9584792313255097
rf,0,background_consistency,8,9,0.960131981356838
rf,0,temporal_flickering,0,10,0.9896064901663587
rf,0,temporal_flickering,1,10,0.9881782914306605
rf,0,temporal_flickering,2,10,0.987455239764226
rf,0,temporal_flickering,3,9,0.9902799832803579
rf,0,temporal_flickering,4,9,0.988444406552512
rf,0,temporal_flickering,5,8,0.9902240059510166
rf,0,temporal_flickering,6,8,0.9890282628115485
rf,0,temporal_flickering,7,9,0.9871358027229642
rf,0,motion_smoothness,0,11,0.9867447312451744
rf,0,motion_smoothness,1,11,0.9847228677708463
rf,0,motion_smoothness,2,10,0.9758449571216626
rf,0,motion_smoothness,3,10,0.985483614035907
rf,0,motion_smoothness,4,10,0.9831653143155411
rf,0,motion_smoothness,5,10,0.9825189190177057
rf,0,motion_smoothness,6,10,0.986830670416893
rf,0,aesthetic_quality,0,11,0.6286667242194667
rf,0,aesthetic_quality,1,11,0.6319211748513308
rf,0,aesthetic_quality,2,11,0.6019572565952936
rf,0,aesthetic_quality,3,10,0.6612564673026403
rf,0,aesthetic_quality,4,10,0.6379046782851219
rf,0,aesthetic_quality,5,10,0.6292848502596219
rf,0,aesthetic_quality,6,10,0.6248794997731845
rf,0,aesthetic_quality,7,10,0.6122043853004774
rf,0,aesthetic_quality,8,10,0.612374629577001
rf,0,imaging_quality,0,11,0.709061004575455
rf,0,imaging_quality,1,11,0.6778502087990439
rf,0,imaging_quality,2,11,0.7069124239069042
rf,0,imaging_quality,3,10,0.6790450565775236
rf,0,imaging_quality,4,10,0.6991579821507137
rf,0,imaging_quality,5,10,0.7130726389447847
rf,0,imaging_quality,6,10,0.7245511059363685
rf,0,imaging_quality,7,10,0.7181907459298768
rf,0,imaging_quality,8,10,0.7046923791130385
rf,0,dynamic_degree,0,11,0.6515151515151515
rf,0,dynamic_degree,1,11,0.7121212121212122
rf,0,dynamic_degree,2,10,0.82
rf,0,dynamic_degree,3,10,0.6266666666666667
rf,0,dynamic_degree,4,10,0.7433333333333333
rf,0,dynamic_degree,5,10,0.72
rf,0,dynamic_degree,6,10,0.65
rf,0,object_class,0,10,0.8814583333333333
rf,0,object_class,1,10,0.9027083333333333
rf,0,object_class,2,10,0.939375
rf,0,object_class,3,10,0.6435416666666667
rf,0,object_class,4,10,0.819375
rf,0,object_class,5,10,0.8891666666666667
rf,0,object_class,6,10,0.9916666666666667
rf,0,object_class,7,9,0.987037037037037
rf,0,multiple_objects,0,11,0.8206439393939394
rf,0,multiple_objects,1,11,0.5734848484848485
rf,0,multiple_objects,2,10,0.5666666666666667
rf,0,multiple_objects,3,10,0.67
rf,0,multiple_objects,4,10,0.6352083333333334
rf,0,multiple_objects,5,10,0.6964583333333333
rf,0,multiple_objects,6,10,0.5252083333333334
rf,0,multiple_objects,7,10,0.58625
rf,0,human_action,0,10,0.95
rf,0,human_action,1,10,0.85
rf,0,human_action,2,10,0.95
rf,0,human_action,3,10,0.8833333333333333
rf,0,human_action,4,10,0.9833333333333333
rf,0,human_action,5,10,1.0
rf,0,human_action,6,10,0.9
rf,0,human_action,7,10,0.9
rf,0,human_action,8,10,0.8833333333333333
rf,0,human_action,9,10,0.9833333333333333
rf,0,color,0,11,0.7839893047773482
rf,0,color,1,11,0.8795774479026908
rf,0,color,2,11,0.9537462968066417
rf,0,color,3,11,0.8887043417975623
rf,0,color,4,11,0.8915462662337662
rf,0,color,5,10,0.9102286401925391
rf,0,color,6,10,0.8204664243233016
rf,0,color,7,10,0.90150036761535
rf,0,spatial_relationship,0,11,0.7716885840820703
rf,0,spatial_relationship,1,11,0.74209041577417
rf,0,spatial_relationship,2,11,0.6973527646578298
rf,0,spatial_relationship,3,11,0.6667144946684213
rf,0,spatial_relationship,4,10,0.7733010776970618
rf,0,spatial_relationship,5,10,0.6686914184428763
rf,0,spatial_relationship,6,10,0.8408832941510347
rf,0,spatial_relationship,7,10,0.6961237650393874
rf,0,scene,0,10,0.305625
rf,0,scene,1,10,0.24166666666666667
rf,0,scene,2,10,0.5254166666666666
rf,0,scene,3,10,0.30416666666666664
rf,0,scene,4,10,0.46958333333333335
rf,0,scene,5,9,0.4136574074074074
rf,0,scene,6,9,0.2474537037037037
rf,0,scene,7,9,0.29444444444444445
rf,0,scene,8,9,0.3819444444444444
rf,0,appearance_style,0,10,0.19121914062500012
rf,0,appearance_style,1,10,0.20018934343863212
rf,0,appearance_style,2,10,0.19732897772305258
rf,0,appearance_style,3,10,0.19328662109374994
rf,0,appearance_style,4,10,0.19860881347656267
rf,0,appearance_style,5,10,0.2150932942708333
rf,0,appearance_style,6,10,0.22852610677083335
rf,0,appearance_style,7,10,0.20608000488281242
rf,0,appearance_style,8,10,0.22770712890625003
rf,0,temporal_style,0,10,0.22482748242715994
rf,0,temporal_style,1,10,0.2234454084187746
rf,0,temporal_style,2,10,0.20271002625425658
rf,0,temporal_style,3,10,0.2234565272927284
rf,0,temporal_style,4,10,0.21574399682382742
rf,0,temporal_style,5,10,0.2241905798514684
rf,0,temporal_style,6,10,0.2106654543429613
rf,0,temporal_style,7,10,0.22719767739375432
rf,0,temporal_style,8,10,0.22864045562843482
rf,0,temporal_style,9,10,0.21505091028908888
rf,0,overall_consistency,0,11,0.24894213337789883
rf,0,overall_consistency,1,11,0.2449942301168586
rf,0,overall_consistency,2,11,0.24210725645675804
rf,0,overall_consistency,3,10,0.24300701084236304
rf,0,overall_consistency,4,10,0.25147726498544215
rf,0,overall_consistency,5,10,0.2311395672460397
rf,0,overall_consistency,6,10,0.24818858082095782
rf,0,overall_consistency,7,10,0.26370255450407665
rf,0,overall_consistency,8,10,0.23977416455745698
rf+rule,0,subject_consistency,0,11,0.9701500222571426
rf+rule,0,subject_consistency,1,11,0.9763835553277918
rf+rule,0,subject_consistency,2,10,0.9631469547911043
rf+rule,0,subject_consistency,3,10,0.9704427210718408
rf+rule,0,subject_consistency,4,10,0.9735525037810876
rf+rule,0,subject_consistency,5,10,0.9676878823837327
rf+rule,0,subject_consistency,6,10,0.9667264469212984
rf+rule,0,background_consistency,0,10,0.964555668659366
rf+rule,0,background_consistency,1,10,0.9575032859122937
rf+rule,0,background_consistency,2,10,0.9646192347570288
rf+rule,0,background_consistency,3,10,0.9669383260316267
rf+rule,0,background_consistency,4,10,0.9615814250119433
rf+rule,0,background_consistency,5,9,0.9634301041082916
rf+rule,0,background_consistency,6,9,0.9552651519998211
rf+rule,0,background_consistency,7,9,0.9631604003448956
rf+rule,0,background_consistency,8,9,0.9629411695078882
rf+rule,0,temporal_flickering,0,10,0.9906867784518821
rf+rule,0,temporal_flickering,1,10,0.9897640709370567
rf+rule,0,temporal_flickering,2,10,0.9892269000516218
rf+rule,0,temporal_flickering,3,9,0.9912179707926777
rf+rule,0,temporal_flickering,4,9,0.9905605545906199
rf+rule,0,temporal_flickering,5,9,0.9909412032534615
rf+rule,0,temporal_flickering,6,9,0.991016546007335
rf+rule,0,temporal_flickering,7,9,0.988300495932045
rf+rule,0,motion_smoothness,0,11,0.9860380980811125
rf+rule,0,motion_smoothness,1,11,0.9833334837191937
rf+rule,0,motion_smoothness,2,10,0.9737866823104334
rf+rule,0,motion_smoothness,3,10,0.9847522645062892
rf+rule,0,motion_smoothness,4,10,0.9832201344045897
rf+rule,0,motion_smoothness,5,10,0.9798382694918992
rf+rule,0,motion_smoothness,6,10,0.9843796766380309
rf+rule,0,aesthetic_quality,0,11,0.6569648624369593
rf+rule,0,aesthetic_quality,1,11,0.6330692921624039
rf+rule,0,aesthetic_quality,2,11,0.6260131164030596
rf+rule,0,aesthetic_quality,3,10,0.677579152584076
rf+rule,0,aesthetic_quality,4,10,0.6439855520923933
rf+rule,0,aesthetic_quality,5,10,0.6337090750535329
rf+rule,0,aesthetic_quality,6,10,0.6387809216976166
rf+rule,0,aesthetic_quality,7,10,0.6227126811941465
rf+rule,0,aesthetic_quality,8,10,0.632963999112447
rf+rule,0,imaging_quality,0,11,0.7380678897084613
rf+rule,0,imaging_quality,1,11,0.6843976713021596
rf+rule,0,imaging_quality,2,11,0.7232941921624274
rf+rule,0,imaging_quality,3,10,0.6943272716244063
rf+rule,0,imaging_quality,4,10,0.6964631635983785
rf+rule,0,imaging_quality,5,10,0.7169458989262582
rf+rule,0,imaging_quality,6,10,0.7209709668636323
rf+rule,0,imaging_quality,7,10,0.7252854903181394
rf+rule,0,imaging_quality,8,10,0.7113179852644603
rf+rule,0,dynamic_degree,0,11,0.6212121212121212
rf+rule,0,dynamic_degree,1,11,0.7575757575757576
rf+rule,0,dynamic_degree,2,10,0.78
rf+rule,0,dynamic_degree,3,10,0.5866666666666667
rf+rule,0,dynamic_degree,4,10,0.8366666666666667
rf+rule,0,dynamic_degree,5,10,0.75
rf+rule,0,dynamic_degree,6,10,0.61
rf+rule,0,object_class,0,10,0.8870833333333333
rf+rule,0,object_class,1,10,0.96125
rf+rule,0,object_class,2,10,0.869375
rf+rule,0,object_class,3,10,0.66125
rf+rule,0,object_class,4,10,0.8622916666666667
rf+rule,0,object_class,5,10,0.91625
rf+rule,0,object_class,6,10,0.9895833333333334
rf+rule,0,object_class,7,9,0.9858796296296296
rf+rule,0,multiple_objects,0,11,0.821969696969697
rf+rule,0,multiple_objects,1,11,0.6071969696969697
rf+rule,0,multiple_objects,2,10,0.6045833333333334
rf+rule,0,multiple_objects,3,10,0.7445833333333334
rf+rule,0,multiple_objects,4,10,0.7216666666666667
rf+rule,0,multiple_objects,5,10,0.7672916666666667
rf+rule,0,multiple_objects,6,10,0.570625
rf+rule,0,multiple_objects,7,10,0.7041666666666667
rf+rule,0,human_action,0,10,1.0
rf+rule,0,human_action,1,10,0.8833333333333333
rf+rule,0,human_action,2,10,0.9166666666666666
rf+rule,0,human_action,3,10,0.9166666666666666
rf+rule,0,human_action,4,10,1.0
rf+rule,0,human_action,5,10,1.0
rf+rule,0,human_action,6,10,0.9
rf+rule,0,human_action,7,10,0.9333333333333333
rf+rule,0,human_action,8,10,0.8666666666666667
rf+rule,0,human_action,9,10,1.0
rf+rule,0,color,0,11,0.8363886347472207
rf+rule,0,color,1,11,0.9259237074401009
rf+rule,0,color,2,10,0.9413722025912837
rf+rule,0,color,3,11,0.8719169307040594
rf+rule,0,color,4,11,0.9103890728476821
rf+rule,0,color,5,10,0.8967933947772657
rf+rule,0,color,6,10,0.8349271116150678
rf+rule,0,color,7,10,0.9210224558050644
rf+rule,0,spatial_relationship,0,11,0.8019611912031174
rf+rule,0,spatial_relationship,1,11,0.7005672936053657
rf+rule,0,spatial_relationship,2,11,0.6636204329948417
rf+rule,0,spatial_relationship,3,11,0.6684228572492453
rf+rule,0,spatial_relationship,4,10,0.8714158798909866
rf+rule,0,spatial_relationship,5,10,0.6600702285293244
rf+rule,0,spatial_relationship,6,10,0.8488740897364564
rf+rule,0,spatial_relationship,7,10,0.786189354979119
rf+rule,0,scene,0,10,0.391875
rf+rule,0,scene,1,10,0.345625
rf+rule,0,scene,2,10,0.5441666666666667
rf+rule,0,scene,3,10,0.3485416666666667
rf+rule,0,scene,4,10,0.6270833333333333
rf+rule,0,scene,5,9,0.38958333333333334
rf+rule,0,scene,6,9,0.28217592592592594
rf+rule,0,scene,7,9,0.3263888888888889
rf+rule,0,scene,8,9,0.4618055555555556
rf+rule,0,appearance_style,0,10,0.18950354817708323
rf+rule,0,appearance_style,1,10,0.19722831217447911
rf+rule,0,appearance_style,2,10,0.19519236335201534
rf+rule,0,appearance_style,3,10,0.1962227783203126
rf+rule,0,appearance_style,4,10,0.1980066324869792
rf+rule,0,appearance_style,5,10,0.21517222493489593
rf+rule,0,appearance_style,6,10,0.22838575846354162
rf+rule,0,appearance_style,7,10,0.20439531250000018
rf+rule,0,appearance_style,8,10,0.2249535319010416
rf+rule,0,temporal_style,0,10,0.23421479587753613
rf+rule,0,temporal_style,1,10,0.22159234459201496
rf+rule,0,temporal_style,2,10,0.21927261389791966
rf+rule,0,temporal_style,3,10,0.22026176775495213
rf+rule,0,temporal_style,4,10,0.22569493427872658
rf+rule,0,temporal_style,5,10,0.22814177771409352
rf+rule,0,temporal_style,6,10,0.22373634924491245
rf+rule,0,temporal_style,7,10,0.2299384613831838
rf+rule,0,temporal_style,8,10,0.24034592894216378
rf+rule,0,temporal_style,9,10,0.2191435679793358
rf+rule,0,overall_consistency,0,11,0.2582904743877324
rf+rule,0,overall_consistency,1,11,0.24884963317802458
rf+rule,0,overall_consistency,2,11,0.25596234473315155
rf+rule,0,overall_consistency,3,10,0.24576153388867775
rf+rule,0,overall_consistency,4,10,0.25828486382961274
rf+rule,0,overall_consistency,5,10,0.23076697587966918
rf+rule,0,overall_consistency,6,10,0.24387013514836628
rf+rule,0,overall_consistency,7,10,0.26867664133509
rf+rule,0,overall_consistency,8,10,0.24101254617174467
context_forcing,0,subject_consistency,0,11,0.9777577833929875
context_forcing,0,subject_consistency,1,11,0.9843251728965475
context_forcing,0,subject_consistency,2,10,0.9746772423791412
context_forcing,0,subject_consistency,3,10,0.9778477573269309
context_forcing,0,subject_consistency,4,10,0.9763582970734124
context_forcing,0,subject_consistency,5,10,0.970616270350547
context_forcing,0,subject_consistency,6,10,0.9800992427670423
context_forcing,0,background_consistency,0,10,0.9708717227822876
context_forcing,0,background_consistency,1,10,0.964135036015915
context_forcing,0,background_consistency,2,10,0.9646831055531593
context_forcing,0,background_consistency,3,10,0.9673516579921433
context_forcing,0,background_consistency,4,10,0.9667097800832261
context_forcing,0,background_consistency,5,9,0.9713967140107239
context_forcing,0,background_consistency,6,9,0.9609553064868223
context_forcing,0,background_consistency,7,9,0.9642715111810136
context_forcing,0,background_consistency,8,9,0.9663794607185867
context_forcing,0,temporal_flickering,0,68,0.9930051059068762
context_forcing,0,motion_smoothness,0,11,0.9885018966128467
context_forcing,0,motion_smoothness,1,11,0.9870983493692899
context_forcing,0,motion_smoothness,2,10,0.9813145448010927
context_forcing,0,motion_smoothness,3,10,0.9883356673749905
context_forcing,0,motion_smoothness,4,10,0.981146034429233
context_forcing,0,motion_smoothness,5,10,0.9825264145625009
context_forcing,0,motion_smoothness,6,10,0.9892219390851064
context_forcing,0,aesthetic_quality,0,11,0.6780361627990549
context_forcing,0,aesthetic_quality,1,11,0.6404727137450016
context_forcing,0,aesthetic_quality,2,11,0.6431819498538971
context_forcing,0,aesthetic_quality,3,10,0.6957778582970301
context_forcing,0,aesthetic_quality,4,10,0.6407708754142125
context_forcing,0,aesthetic_quality,5,10,0.6453477526704471
context_forcing,0,aesthetic_quality,6,10,0.6643386960029602
context_forcing,0,aesthetic_quality,7,10,0.630826856692632
context_forcing,0,aesthetic_quality,8,10,0.6483650863170624
context_forcing,0,imaging_quality,0,11,0.7148857326326948
context_forcing,0,imaging_quality,1,11,0.6848412944439685
context_forcing,0,imaging_quality,2,11,0.7186796796610859
context_forcing,0,imaging_quality,3,10,0.6776147756854691
context_forcing,0,imaging_quality,4,10,0.6959689787069956
context_forcing,0,imaging_quality,5,10,0.6853297995964686
context_forcing,0,imaging_quality,6,10,0.6776673737823964
context_forcing,0,imaging_quality,7,10,0.7049517061034838
context_forcing,0,imaging_quality,8,10,0.6890875918785733
context_forcing,0,dynamic_degree,0,11,0.4484848484848485
context_forcing,0,dynamic_degree,1,11,0.6090909090909091
context_forcing,0,dynamic_degree,2,10,0.75
context_forcing,0,dynamic_degree,3,10,0.5133333333333333
context_forcing,0,dynamic_degree,4,10,0.67
context_forcing,0,dynamic_degree,5,10,0.6433333333333333
context_forcing,0,dynamic_degree,6,10,0.5
context_forcing,0,object_class,0,10,0.8779166666666667
context_forcing,0,object_class,1,10,0.948125
context_forcing,0,object_class,2,10,0.9279166666666666
context_forcing,0,object_class,3,10,0.5675
context_forcing,0,object_class,4,10,0.973125
context_forcing,0,object_class,5,10,0.95
context_forcing,0,object_class,6,10,0.9485416666666666
context_forcing,0,object_class,7,9,0.8986111111111111
context_forcing,0,multiple_objects,0,11,0.9176136363636364
context_forcing,0,multiple_objects,1,11,0.5619318181818181
context_forcing,0,multiple_objects,2,10,0.454375
context_forcing,0,multiple_objects,3,10,0.7522916666666667
context_forcing,0,multiple_objects,4,10,0.6185416666666667
context_forcing,0,multiple_objects,5,10,0.8839583333333333
context_forcing,0,multiple_objects,6,10,0.718125
context_forcing,0,multiple_objects,7,10,0.7502083333333334
context_forcing,0,human_action,0,10,0.9333333333333333
context_forcing,0,human_action,1,10,0.8166666666666667
context_forcing,0,human_action,2,10,0.9
context_forcing,0,human_action,3,10,0.95
context_forcing,0,human_action,4,10,0.9666666666666667
context_forcing,0,human_action,5,10,1.0
context_forcing,0,human_action,6,10,0.85
context_forcing,0,human_action,7,10,0.8833333333333333
context_forcing,0,human_action,8,10,0.8333333333333334
context_forcing,0,human_action,9,10,1.0
context_forcing,0,color,0,10,0.6491258126866983
context_forcing,0,color,1,10,0.7924944585475406
context_forcing,0,color,2,11,0.9528112678192296
context_forcing,0,color,3,10,0.9126673280423279
context_forcing,0,color,4,11,0.8835095551378446
context_forcing,0,color,5,10,0.8552867383512545
context_forcing,0,color,6,10,0.7743813056313055
context_forcing,0,color,7,10,0.899460690316395
context_forcing,0,spatial_relationship,0,11,0.7252577489692671
context_forcing,0,spatial_relationship,1,11,0.689371283795079
context_forcing,0,spatial_relationship,2,11,0.6302992056207832
context_forcing,0,spatial_relationship,3,11,0.620787125014335
context_forcing,0,spatial_relationship,4,10,0.7295898961181156
context_forcing,0,spatial_relationship,5,10,0.6790101272142759
context_forcing,0,spatial_relationship,6,10,0.7638588263942978
context_forcing,0,spatial_relationship,7,10,0.7072146758960581
context_forcing,0,scene,0,10,0.436875
context_forcing,0,scene,1,10,0.3589583333333333
context_forcing,0,scene,2,10,0.43020833333333336
context_forcing,0,scene,3,10,0.3975
context_forcing,0,scene,4,10,0.3879166666666667
context_forcing,0,scene,5,9,0.5981481481481481
context_forcing,0,scene,6,9,0.17800925925925926
context_forcing,0,scene,7,9,0.3523148148148148
context_forcing,0,scene,8,9,0.4777777777777778
context_forcing,0,appearance_style,0,10,0.18991333821614595
context_forcing,0,appearance_style,1,10,0.20826957017096914
context_forcing,0,appearance_style,2,10,0.19029239201200188
context_forcing,0,appearance_style,3,10,0.18649099121093746
context_forcing,0,appearance_style,4,10,0.21302714029947908
context_forcing,0,appearance_style,5,10,0.2112856852213541
context_forcing,0,appearance_style,6,10,0.23536093750000014
context_forcing,0,appearance_style,7,10,0.21307554524739583
context_forcing,0,appearance_style,8,10,0.23004565429687504
context_forcing,0,temporal_style,0,10,0.2155253859857718
context_forcing,0,temporal_style,1,10,0.2036212980747223
context_forcing,0,temporal_style,2,10,0.19732188973575832
context_forcing,0,temporal_style,3,10,0.1958563541372617
context_forcing,0,temporal_style,4,10,0.21384715810418128
context_forcing,0,temporal_style,5,10,0.22580048590898513
context_forcing,0,temporal_style,6,10,0.19843242081503074
context_forcing,0,temporal_style,7,10,0.2150797785570224
context_forcing,0,temporal_style,8,10,0.21157637387514114
context_forcing,0,temporal_style,9,10,0.20624092320601145
context_forcing,0,overall_consistency,0,11,0.24693296894882666
context_forcing,0,overall_consistency,1,11,0.23010436897024963
context_forcing,0,overall_consistency,2,11,0.23737392710013824
context_forcing,0,overall_consistency,3,10,0.24488381432990233
context_forcing,0,overall_consistency,4,10,0.24572139009833335
context_forcing,0,overall_consistency,5,10,0.20525134621808927
context_forcing,0,overall_consistency,6,10,0.22891385667026043
context_forcing,0,overall_consistency,7,10,0.26067302326361336
context_forcing,0,overall_consistency,8,10,0.22388861800233523
context_forcing+rule,0,subject_consistency,0,11,0.9797101219883778
context_forcing+rule,0,subject_consistency,1,11,0.9868501529241338
context_forcing+rule,0,subject_consistency,2,10,0.9739819327606702
context_forcing+rule,0,subject_consistency,3,10,0.9785296464866584
context_forcing+rule,0,subject_consistency,4,10,0.9799638789728105
context_forcing+rule,0,subject_consistency,5,10,0.975811952744066
context_forcing+rule,0,subject_consistency,6,10,0.9818331142964403
context_forcing+rule,0,background_consistency,0,10,0.9730357232196694
context_forcing+rule,0,background_consistency,1,10,0.9691643286401478
context_forcing+rule,0,background_consistency,2,10,0.9668424503296936
context_forcing+rule,0,background_consistency,3,10,0.969690511474847
context_forcing+rule,0,background_consistency,4,10,0.9691077160925297
context_forcing+rule,0,background_consistency,5,9,0.9721613105588549
context_forcing+rule,0,background_consistency,6,9,0.963126036789602
context_forcing+rule,0,background_consistency,7,9,0.9696365166259597
context_forcing+rule,0,background_consistency,8,9,0.9701909911067503
context_forcing+rule,0,temporal_flickering,0,68,0.9921238211233858
context_forcing+rule,0,motion_smoothness,0,11,0.9883060734879648
context_forcing+rule,0,motion_smoothness,1,11,0.98540966366613
context_forcing+rule,0,motion_smoothness,2,10,0.9765234988690692
context_forcing+rule,0,motion_smoothness,3,10,0.9860282351370037
context_forcing+rule,0,motion_smoothness,4,10,0.982999463498897
context_forcing+rule,0,motion_smoothness,5,10,0.9814848099246378
context_forcing+rule,0,motion_smoothness,6,10,0.9891053745426236
context_forcing+rule,0,aesthetic_quality,0,11,0.6738918830047954
context_forcing+rule,0,aesthetic_quality,1,11,0.6476567261146776
context_forcing+rule,0,aesthetic_quality,2,11,0.6413829543373801
context_forcing+rule,0,aesthetic_quality,3,10,0.7055490046739579
context_forcing+rule,0,aesthetic_quality,4,10,0.6520808627208073
context_forcing+rule,0,aesthetic_quality,5,10,0.6495494688550632
context_forcing+rule,0,aesthetic_quality,6,10,0.6663535247246425
context_forcing+rule,0,aesthetic_quality,7,10,0.6353794991970062
context_forcing+rule,0,aesthetic_quality,8,10,0.6534579008817673
context_forcing+rule,0,imaging_quality,0,11,0.7417211331020703
context_forcing+rule,0,imaging_quality,1,11,0.6824315441485609
context_forcing+rule,0,imaging_quality,2,11,0.7232116488868542
context_forcing+rule,0,imaging_quality,3,10,0.6860001678784687
context_forcing+rule,0,imaging_quality,4,10,0.7080451648632683
context_forcing+rule,0,imaging_quality,5,10,0.7017495040059089
context_forcing+rule,0,imaging_quality,6,10,0.6829766307135423
context_forcing+rule,0,imaging_quality,7,10,0.7079275973320006
context_forcing+rule,0,imaging_quality,8,10,0.6905362673044205
context_forcing+rule,0,dynamic_degree,0,11,0.4818181818181818
context_forcing+rule,0,dynamic_degree,1,11,0.6666666666666666
context_forcing+rule,0,dynamic_degree,2,10,0.79
context_forcing+rule,0,dynamic_degree,3,10,0.5066666666666667
context_forcing+rule,0,dynamic_degree,4,10,0.65
context_forcing+rule,0,dynamic_degree,5,10,0.7366666666666667
context_forcing+rule,0,dynamic_degree,6,10,0.54
context_forcing+rule,0,object_class,0,10,0.805625
context_forcing+rule,0,object_class,1,10,0.9114583333333334
context_forcing+rule,0,object_class,2,10,0.905625
context_forcing+rule,0,object_class,3,10,0.5591666666666667
context_forcing+rule,0,object_class,4,10,0.9402083333333333
context_forcing+rule,0,object_class,5,10,0.9208333333333333
context_forcing+rule,0,object_class,6,10,0.9941666666666666
context_forcing+rule,0,object_class,7,9,0.9490740740740741
context_forcing+rule,0,multiple_objects,0,11,0.9297348484848484
context_forcing+rule,0,multiple_objects,1,11,0.5962121212121212
context_forcing+rule,0,multiple_objects,2,10,0.45
context_forcing+rule,0,multiple_objects,3,10,0.7210416666666667
context_forcing+rule,0,multiple_objects,4,10,0.760625
context_forcing+rule,0,multiple_objects,5,10,0.9314583333333334
context_forcing+rule,0,multiple_objects,6,10,0.6295833333333334
context_forcing+rule,0,multiple_objects,7,10,0.8427083333333333
context_forcing+rule,0,human_action,0,10,0.9666666666666667
context_forcing+rule,0,human_action,1,10,0.8166666666666667
context_forcing+rule,0,human_action,2,10,0.8833333333333333
context_forcing+rule,0,human_action,3,10,0.95
context_forcing+rule,0,human_action,4,10,1.0
context_forcing+rule,0,human_action,5,10,1.0
context_forcing+rule,0,human_action,6,10,0.95
context_forcing+rule,0,human_action,7,10,0.9666666666666667
context_forcing+rule,0,human_action,8,10,0.8333333333333334
context_forcing+rule,0,human_action,9,10,1.0
context_forcing+rule,0,color,0,10,0.7092696016669897
context_forcing+rule,0,color,1,10,0.8064422383172382
context_forcing+rule,0,color,2,11,0.9526624068157614
context_forcing+rule,0,color,3,10,0.9059251443001441
context_forcing+rule,0,color,4,11,0.8668486502881407
context_forcing+rule,0,color,5,10,0.9096588990206012
context_forcing+rule,0,color,6,10,0.7384162070805905
context_forcing+rule,0,color,7,10,0.8996337139871622
context_forcing+rule,0,spatial_relationship,0,11,0.6991722789806244
context_forcing+rule,0,spatial_relationship,1,11,0.7069537657824166
context_forcing+rule,0,spatial_relationship,2,11,0.55280159666969
context_forcing+rule,0,spatial_relationship,3,11,0.5982009263060905
context_forcing+rule,0,spatial_relationship,4,10,0.8157303714833596
context_forcing+rule,0,spatial_relationship,5,10,0.6530932063607643
context_forcing+rule,0,spatial_relationship,6,10,0.6989508099643125
context_forcing+rule,0,spatial_relationship,7,10,0.6812580214429125
context_forcing+rule,0,scene,0,10,0.34
context_forcing+rule,0,scene,1,10,0.36770833333333336
context_forcing+rule,0,scene,2,10,0.49020833333333336
context_forcing+rule,0,scene,3,10,0.37416666666666665
context_forcing+rule,0,scene,4,10,0.45666666666666667
context_forcing+rule,0,scene,5,9,0.5775462962962963
context_forcing+rule,0,scene,6,9,0.1951388888888889
context_forcing+rule,0,scene,7,9,0.32314814814814813
context_forcing+rule,0,scene,8,9,0.4215277777777778
context_forcing+rule,0,appearance_style,0,10,0.19084826660156262
context_forcing+rule,0,appearance_style,1,10,0.20497103572237305
context_forcing+rule,0,appearance_style,2,10,0.19607940408457872
context_forcing+rule,0,appearance_style,3,10,0.1886718831380208
context_forcing+rule,0,appearance_style,4,10,0.21565562337239588
context_forcing+rule,0,appearance_style,5,10,0.21352047526041665
context_forcing+rule,0,appearance_style,6,10,0.23565888671874996
context_forcing+rule,0,appearance_style,7,10,0.21049731445312495
context_forcing+rule,0,appearance_style,8,10,0.22967286783854174
context_forcing+rule,0,temporal_style,0,10,0.2144676843037208
context_forcing+rule,0,temporal_style,1,10,0.20714030986030896
context_forcing+rule,0,temporal_style,2,10,0.1980233905216058
context_forcing+rule,0,temporal_style,3,10,0.19641667790710926
context_forcing+rule,0,temporal_style,4,10,0.21805541962385178
context_forcing+rule,0,temporal_style,5,10,0.22233270096282165
context_forcing+rule,0,temporal_style,6,10,0.20441553083558878
context_forcing+rule,0,temporal_style,7,10,0.21646521538496016
context_forcing+rule,0,temporal_style,8,10,0.21865991887946923
context_forcing+rule,0,temporal_style,9,10,0.21364714726805686
context_forcing+rule,0,overall_consistency,0,11,0.24918016204328247
context_forcing+rule,0,overall_consistency,1,11,0.23666409561128326
context_forcing+rule,0,overall_consistency,2,11,0.24244437457034082
context_forcing+rule,0,overall_consistency,3,10,0.24260069206357002
context_forcing+rule,0,overall_consistency,4,10,0.25265782574812573
context_forcing+rule,0,overall_consistency,5,10,0.21333190190295379
context_forcing+rule,0,overall_consistency,6,10,0.22803996602694193
context_forcing+rule,0,overall_consistency,7,10,0.26181411469976107
context_forcing+rule,0,overall_consistency,8,10,0.22232617052892845
